,0
cat,631
dog,349
voyaged,331
barked,311
relationship,278
travel,266
couple,229
couplegoals,201
work,201
goldenretriever,180
doodles,179
cute,174
sleep,171
comics,166
funny,162
girlfriend,161
gaming,160
boyfriend,152
friends,142
food,140
music,138
doggo,115
love,107
corgi,103
animation,100
GoldenRetriever,91
adulthood,89
adulting,87
anime,76
childhood,75
doge,75
quarantine,74
art,72
job,71
satisfying,71
fluffy,70
texting,69
halloween,68
cats,67
relatable,64
2020,63
life,63
school,62
relationshipgoals,62
kitten,61
phone,61
christmas,61
bunny,58
parents,57
hamster,57
movie,57
money,57
spiderman,57
pokemon,56
shibainu,55
mom,54
birb,52
shiba,52
meme,52
coffee,49
dance,47
crush,46
introvert,45
starwars,45
family,45
videogames,45
friend,44
baby,43
water,43
song,42
drawing,42
dogs,42
wholesome,42
spongebob,41
meowed,40
japan,40
workout,40
vfx,40
photography,40
workfromhome,39
husky,39
dad,39
tired,38
samoyed,37
duck,37
parenting,36
pets,36
language,35
illustration,35
movies,35
morning,35
aussie,35
valentinesday,35
painting,35
switzerland,35
weekend,34
party,34
creative,34
football,34
babyyoda,34
pomeranian,34
bff,34
craft,33
summer,33
cosplay,32
doodle,31
winter,31
stopmotion,31
prank,31
wakeup,31
chinchilla,30
netflix,29
wtf,29
pizza,28
cooking,28
nostalgia,28
squidgame,28
fluff,28
backpain,28
pom,26
puppy,26
bread,26
9gagvoice,25
friendship,25
procrastination,25
boss,25
cartoon,25
harrypotter,25
demonslayer,25
Corgi,25
brain,25
fashion,25
exam,25
otter,24
chihuahua,24
shower,24
college,24
email,24
snow,24
massage,24
2021,24
9GagHomeOlympics,23
teacher,23
kids,23
dream,23
kiss,23
puns,23
newyear,23
gf,22
youtube,22
sad,22
tricks,22
pet,22
tv,22
hedgehog,22
anxiety,21
gingercat,21
kawaii,21
disney,21
talent,21
goodboi,21
poor,21
tweets,21
9gagroav,20
nostalgic,20
lazy,20
wildlife,20
dachshund,20
computer,20
pain,20
illustrations,20
italy,20
keanureeves,20
cake,20
english,20
grandma,20
doctorstrange,19
message,19
nowayhome,19
car,19
strangerthings,19
reality,19
sleepy,19
chocolate,19
happiness,19
birthday,19
Couple,19
university,18
bf,18
pasta,18
pikachu,18
summerfunoff,18
restaurant,18
raccoon,18
pug,18
romance,18
sleeping,18
chowchow,18
marvel,18
siblings,18
animals,18
motivation,17
overthinking,17
piano,17
foodart,17
homework,17
Shiba,17
2022,17
dating,17
wfh,17
social,17
sculpture,17
monday,17
alpaca,17
germany,17
test,17
uk,17
shopping,17
conversation,17
joker,17
finland,17
calligraphy,17
bestfriend,17
mario,17
frenchie,17
cuddle,17
bichonfrise,16
asmr,16
poodle,16
tattoo,16
spyxfamily,16
cleaning,16
ShibaInu,16
hug,16
adventure,16
moonmoon,16
study,16
dessert,16
sports,16
stayhome,16
instagramstory,16
blackcat,16
nature,16
Dachshund,15
autumn,15
socialdistancing,15
cookie,15
jokes,15
worldcup,15
beer,15
hooman,15
render,15
bed,15
chonk,15
ps5,15
math,15
annoying,14
giveaway,14
dinosaur,14
studying,14
jujutsukaisen,14
gym,14
miniature,14
retail,14
norway,14
remix,14
meal,14
pottery,14
munchkin,14
printer,14
mood,14
onlineclass,14
home,14
france,14
drink,14
dadjokes,14
reptile,14
FunOffChristmas,13
bored,13
haircut,13
cheese,13
parkour,13
xmas,13
squirrel,13
kid,13
comedy,13
pitbull,13
goldendoodle,13
essay,13
soccer,13
sleepycat,13
pennywise,13
9GAGHalloween,13
9GAGOnePlus,13
dayoff,13
iceland,13
trickshot,13
tvshow,13
alarm,13
thor,13
toilet,13
lowcostcosplay,13
office,13
awkward,13
watercolor,13
laptop,12
bichon,12
socialmedia,12
angry,12
fitness,12
date,12
squidward,12
mandalorian,12
diet,12
StayHomeStayHappy,12
seal,12
teenage,12
singing,12
phonecall,12
meeting,12
smol,12
Cyberpunk2077,12
parrot,12
plans,12
northernlights,12
alcohol,12
lotr,12
single,12
humor,12
batman,12
december,12
smile,12
theboys,12
unnecessaryinventions,12
songs,12
hangout,12
DogComics,12
funoff,12
rabbit,12
beach,12
future,12
greece,11
catlogic,11
burger,11
club9,11
staffy,11
broke,11
salary,11
error,11
science,11
dramatic,11
game,11
highschool,11
relax,11
chef,11
selfie,11
nap,11
thelastofus,11
hair,11
avatar,11
mondaymood,11
mask,11
jump,11
theoffice,11
late,11
makeup,11
ghost,11
latteart,11
roadtrip,11
oscars,11
rest,11
flowers,11
yoga,11
thewitcher,11
playlist,11
drunk,11
apple,11
baking,11
owl,11
HalloweenLGgram,11
elonmusk,11
socializing,10
groupproject,10
bonk,10
tank,10
paw,10
icecream,10
italian,10
labrador,10
bubbletea,10
iphone,10
wotblitz,10
PS5,10
2023,10
driving,10
ShowMi10,10
loki,10
jobinterview,10
czechrepublic,10
forsakenworldwingsout,10
ocean,10
bath,10
magic,10
crypto,10
delivery,10
trashpanda,10
germanshepherd,10
9GAGReface,10
bigbrain,10
paris,10
sheep,10
thisisfine,10
blitz,10
reading,10
Samoyed,10
NewLegendOneRing,10
violin,9
sketch,9
LOTRonMobile,9
woolfelt,9
goals,9
amongus,9
student,9
icing,9
watermelon,9
joke,9
GermanShepherd,9
name,9
robot,9
mirror,9
old,9
google,9
surprise,9
witcher,9
eat,9
gecko,9
costume,9
skateboard,9
trex,9
kingschoicegame,9
chipmunk,9
horror,9
guitar,9
tech,9
diy,9
forsakenworld,9
spain,9
ex,9
nailart,9
lecture,9
turkey,9
glasses,9
photoshop,9
breakfast,9
banana,9
happy,9
gift,9
windows,9
meow,9
hammy,9
eating,9
BarkedArt,9
class,9
accent,9
aquarium,9
sakura,9
internet,9
japanese,9
paperart,9
night,9
ramen,9
wedding,9
themandalorian,9
hat,9
introverts,9
clay,9
fun,9
couplegoal,9
anya,9
milk,9
hungry,9
games,9
chores,9
hygiene,8
zoom,8
extrovert,8
snuggle,8
reface,8
blep,8
dragonball,8
bird,8
karen,8
graduation,8
selflove,8
plushie,8
santa,8
lol,8
animalcrossing,8
ghibli,8
healthy,8
santaclaus,8
sunset,8
disneyland,8
lettering,8
grimreaper,8
horse,8
australianshepherd,8
bulldog,8
figure,8
shrek,8
bathroom,8
coronavirus,8
toystory,8
avengers,8
goose,8
gametaster,8
dancing,8
emotions,8
titanic,8
fetch,8
TheCallistoProtocol,8
pigeon,8
colleague,8
thanksgiving,8
socialize,8
foreveralone,8
health,8
autocorrect,8
reel,8
time,8
horrormovies,8
rescuecat,8
memory,8
london,8
9gag2020recap,8
shy,8
2020recap,8
BichonFrise,8
laugh,8
smart,8
videocall,8
stayhydrated,8
CoupleGoals,8
diorama,8
zoomies,8
polymerclay,8
drinking,8
usa,8
onepiece,8
aprilfools,8
design,8
brushybrushy,8
camera,8
lonely,8
toypoodle,7
johnwick,7
lego,7
henrycavill,7
flirting,7
heart,7
ice,7
trick,7
barcelona,7
video,7
french,7
indonesia,7
bordercollie,7
drinks,7
specialeffects,7
dentist,7
rainbow,7
cold,7
fall,7
portrait,7
cgi,7
netherlands,7
sushi,7
photos,7
sausage,7
mindblown,7
tortoise,7
chill,7
heaven,7
prom,7
foodie,7
Frenchie,7
ski,7
roomba,7
snack,7
Husky,7
vampire,7
piping,7
fast,7
fosterkitten,7
flower,7
tiger,7
breathtaking,7
potato,7
body,7
meetnewpeople,7
grandpa,7
plant,7
villain,7
wine,7
interview,7
crochet,7
beyou_onBIGO,7
height,7
asian,7
pingpong,7
guineapig,7
growup,7
argentina,7
heartwarming,7
bento,7
attackontitan,7
todolist,7
partner,7
nice,7
gouache,7
chicken,7
pedropascal,7
croissant,7
Halloween,7
midnight,7
truth,7
tvseries,7
extra,7
egg,7
asians,7
homelander,7
thenetherlands,7
argument,7
LGgram,7
parakeet,7
Venom,7
chainsawman,7
grogu,7
britishshorthair,7
tomandjerry,7
couples,7
multiverseofmadness,7
decision,7
clingy,7
tuxedocat,7
capybara,7
company,7
gossip,7
TalentGameOn2K23,7
lyrics,6
advice,6
catlovers,6
swimming,6
tea,6
instagram,6
brothers,6
swim,6
mouse,6
ASUS,6
marshmallow,6
tokyo2020,6
MMGTW,6
resinart,6
shihtzu,6
password,6
gta,6
drama,6
strong,6
superhero,6
resin,6
gameofthrones,6
vacuum,6
lion,6
vacation,6
behindthescenes,6
thanos,6
barbie,6
croatia,6
cool,6
hungary,6
recipe,6
uber,6
spidermannowayhome,6
peace,6
mochi,6
acting,6
piechart,6
insomnia,6
pool,6
artist,6
burrito,6
motiongraphics,6
shark,6
kitty,6
clayart,6
socks,6
neko,6
predictivesentence,6
itmovie,6
hotel,6
feelings,6
messi,6
alone,6
animates,6
hongkong,6
3dprinting,6
attention,6
ceramics,6
willsmith,6
success,6
wow,6
karaoke,6
simpsons,6
film,6
classicalart,6
explore,6
father,6
beautiful,6
tomorrow,6
exercise,6
olympics,6
embarrassing,6
mainecoon,6
strawberry,6
manga,6
seagull,6
you,6
peterparker,6
voyagedR,6
text,6
backflip,6
spaghetti,6
spider,6
9gagQnA,6
3d,6
lordoftherings,6
wifi,6
uni,6
basketball,6
architecture,6
australia,6
british,6
koala,6
kitchen,6
noodles,6
book,6
pastry,6
TheBarkedClub,6
spring,6
rickandmorty,6
budapest,6
jojo,6
train,6
cookies,6
presentation,6
christmastree,6
scottishfold,6
9gagtournament,6
phonecase,6
friday,6
spooktober,6
nyc,6
fries,6
students,6
14yearsof9gag,6
donut,6
energy,6
happybirthday9gag,6
HalloweenFunOff,6
9gaganniversary,6
voldemort,6
darthvader,6
riceball,6
samurai,6
children,6
pixar,6
bernesemountaindog,6
celebrities,6
call,6
createwithASUS,6
positivity,6
messages,6
evolution,6
FrenchBulldog,6
spotify,6
tall,6
ballet,6
PlayHasNoLimits,6
pumpkin,6
colleagues,6
cinema,6
notification,6
manager,6
panic,6
princess,6
problems,6
austria,6
dinner,6
personality,6
masterpiece,5
yawn,5
earth,5
spooky,5
DIY,5
culture,5
skills,5
mosquito,5
cashier,5
peach,5
leonardodicaprio,5
irl,5
digitalart,5
circus,5
twilight,5
drstrange,5
parking,5
stayathome,5
busy,5
figures,5
superman,5
tongueouttuesday,5
skateboarding,5
fox,5
pupper,5
yoda,5
feeloldyet,5
bills,5
caffeine,5
unexpected,5
astrology,5
benedictcumberbatch,5
3D,5
nofriends,5
sailormoon,5
medicine,5
laundry,5
engineering,5
yorkie,5
puppyeyes,5
anakin,5
hobbies,5
quack,5
darkhumor,5
homealone,5
flirt,5
adult,5
bald,5
customer,5
fight,5
multiverse,5
cakeart,5
chrisrock,5
evil,5
gamee,5
9gagaprilfools,5
toast,5
chrisevans,5
oilpainting,5
hell,5
traffic,5
istanbul,5
PropellingSuccess,5
HKSTP,5
up,5
problem,5
talking,5
cactus,5
barber,5
cockatiel,5
musician,5
frozen,5
happynewyear,5
sorry,5
savage,5
books,5
naruto,5
forget,5
feline,5
cockatoo,5
sassy,5
servicedog,5
talk,5
landscape,5
feels,5
wakandaforever,5
pig,5
alarmclock,5
airport,5
joegoldberg,5
pekingese,5
plottwist,5
crossover,5
rescuedog,5
catisliquid,5
toiletpaper,5
santorini,5
slide,5
chilling,5
excel,5
creativity,5
plank,5
toy,5
emoji,5
positivevibes,5
parody,5
fastandfurious,5
animal,5
metaverse,5
panda,5
spiritedaway,5
prague,5
videogame,5
tokyo,5
videoconference,5
Halloween2021,5
regret,5
callduck,5
peaceandquiet,5
glitter,5
emotion,5
fruit,5
son,5
keyboard,5
crying,5
soundon,5
challenge,5
timetravel,5
brush,5
cakedecorating,5
totoro,5
kdrama,5
onlineshopping,5
scream,5
timelapse,5
clothes,5
spy,5
waterfall,5
nintendoswitch,5
westie,5
alaskanmalamute,5
EnglishCockerSpaniel,5
nightmare,5
retro,5
ferret,5
multitasking,5
silicone,5
lunchbox,5
supermario,5
obstaclecourse,5
slovenia,5
adorable,5
nonutnovember,5
cuisine,5
cockerspaniel,5
poledance,5
PaidPartnership,5
Labrador,5
ball,5
maltese,5
it,5
photo,5
alien,5
nomnomnom,5
GSD,5
cookiedecorating,5
hipdict,5
voiceacting,5
carrot,5
proud,5
skating,5
comfortzone,5
voyagedExplore,5
kimetsunoyaiba,5
genius,5
tabby,5
Summer,5
scenery,5
greatdane,5
myheroacademia,5
blender,5
chaotic,5
skits,5
Birthday,5
sea,5
stuck,5
flipbook,5
hawaii,5
fantasy,5
age,5
coworker,5
country,5
aww,5
peru,5
soulmate,5
christmaslight,5
mother,5
supermarket,5
embroidery,5
world,5
comfort,5
gouchepainting,5
deer,5
CouplePranks2021,5
nationaldecisionday,5
camping,5
couplepranks,5
easter,5
battery,4
teletubbies,4
braincells,4
genz,4
microwave,4
mukbang,4
bowl,4
struggles,4
fish,4
brushy,4
share,4
handwriting,4
9GAGQnA,4
switch,4
thankyou,4
besties,4
loop,4
moonknight,4
twitter,4
leftonread,4
wario,4
superpower,4
depression,4
aiandaiko,4
XboxSeriesX,4
barista,4
pc,4
affection,4
captainamerica,4
rottweiler,4
hobby,4
washingmachine,4
groupchat,4
wordle,4
Pomsky,4
lovebird,4
Ratatouille,4
coworkers,4
avocado,4
forest,4
turtle,4
gottagofast,4
cow,4
bite,4
honk,4
oscars2022,4
piglet,4
patterndesign,4
flight,4
picnic,4
thorloveandthunder,4
videography,4
nokia,4
vaccine,4
rescue,4
katana,4
chair,4
googletranslate,4
distraction,4
toiletbreak,4
robertpattinson,4
pronunciation,4
infinitywar,4
opinion,4
ugly,4
handwash,4
gardening,4
accurate,4
death,4
taiwan,4
boxingday,4
wednesday,4
OnePlus10T,4
hurt,4
beatbox,4
africa,4
geralt,4
invention,4
chubby,4
daddy,4
groceries,4
history,4
romantic,4
expensive,4
satisfyingart,4
cardtricks,4
omelette,4
rihanna,4
NFT,4
fabulous,4
cheeky,4
skincare,4
WatchDogsLegion9GAG,4
rollerskate,4
customerservice,4
gorr,4
peekaboo,4
justdoit,4
cup,4
series,4
excuse,4
bts,4
customers,4
balance,4
heels,4
LabradorRetriever,4
house,4
tgif,4
paidpartnership,4
run,4
appreciation,4
free,4
director,4
waterpark,4
ShihTzu,4
mcu,4
fancy,4
mad,4
facepaint,4
kungfu,4
spicy,4
pudding,4
jello,4
aladdin,4
derpy,4
sick,4
bouncy,4
dumplings,4
9gagValentines2021,4
memories,4
polite,4
suezcanal,4
responsibility,4
pretty,4
ikea,4
glass,4
eggyolk,4
handwashing,4
timeflies,4
captcha,4
therapy,4
poppythebootyshakinpug,4
skunk,4
smooth,4
nezuko,4
lovecanhappenanywhere,4
sun,4
olympicgames,4
RefaceThursday,4
pov,4
veggies,4
doublejump,4
maldives,4
ratatouille,4
studioghibli,4
kalimba,4
rice,4
wallet,4
productivity,4
Switzerland,4
tabbycat,4
procreate,4
hidethepain,4
happybirthday,4
wombat,4
couchpotato,4
washyourhands,4
swimmingpool,4
paws,4
reply,4
fairytale,4
korean,4
asianparents,4
cereal,4
comfeewasher,4
education,4
skate,4
everythingiscake,4
sonic,4
catnap,4
plane,4
rent,4
productive,4
bro,4
BarkedDogAtWork,4
Carnage,4
impersonation,4
godzilla,4
soap,4
tvshows,4
doctor,4
supportive,4
present,4
tobeymaguire,4
deadline,4
help,4
assignment,4
hydration,4
graffiti,4
willemdafoe,4
projector,4
dogtraining,4
neighbors,4
november,4
editing,4
reallifedoodles,4
dreams,4
giraffe,4
bengalcat,4
utah,4
npc,4
october,4
kneading,4
reminder,4
sleepover,4
penguin,4
parties,4
Poodle,4
athlete,4
elevator,4
relationships,4
outfit,4
resume,4
grocery,4
fashiondesign,4
shoes,4
library,4
stayhomestayhappy,4
purrito,4
livingroom,4
doxie,4
woodwork,4
german,4
squishy,4
queen,4
kpop,4
papercup,4
cry,4
adultlife,4
belly,4
attack,4
sausagedog,4
cafe,4
blanket,4
betrayal,4
realistic,4
trash,4
cheers,4
clean,4
tomhanks,4
AustralianShepherd,4
trustissues,4
wiggle,4
mariokart,4
chucky,4
goat,4
elsa,4
snowman,4
meringue,4
kickflip,4
goku,4
freestyle,4
clothing,4
sadcat,4
hairstyle,4
frog,4
argue,4
alligator,4
hangry,4
jojosbizarreadventure,4
compliment,4
housework,4
quote,4
christmasgift,4
frozen2,4
sploot,4
skater,4
thenun,4
hideandseek,4
gymnastics,4
solitude,4
zoneout,4
cheating,4
lionking,4
boop,4
instabf,4
men,4
gamers,4
artwork,4
elmo,4
fullmetalalchemist,4
carride,4
mcdonalds,4
sibling,4
procrastinate,4
yourname,4
orange,4
charging,4
lizard,4
fma,4
cancelplans,4
takemymoney,4
babyshark,4
running,4
struggle,4
teddybear,4
ad,4
stunt,4
duet,4
calendar,4
ironman,4
bear,4
mikewazowski,4
fart,4
woody,4
carbs,4
bullterrier,4
greengoblin,3
sanfrancisco,3
dumbledore,3
gundam,3
awesome,3
AI,3
persiancat,3
cheems,3
underwater,3
romcom,3
goal,3
beaver,3
bestfriends,3
situationship,3
band,3
fiction,3
breakingbad,3
pink,3
opticalillusion,3
teamrocket,3
serious,3
pianist,3
meems,3
weirdcat,3
priorities,3
smoothie,3
laughter,3
familyreunion,3
RescueDog,3
macaron,3
mobilead,3
straycat,3
sashimi,3
drone,3
trickshots,3
rich,3
decoration,3
amazing,3
evergiven,3
kermit,3
annoyed,3
ragdoll,3
kiminonawa,3
gordonramsay,3
AprilFools,3
supersmashbros,3
question,3
relationoship,3
judge,3
eldenring,3
endless,3
app,3
ash,3
security,3
child,3
terminator,3
smartphone,3
self,3
pranks,3
chemistry,3
boxers,3
denmark,3
promposal,3
backinthedays,3
selfesteem,3
onions,3
folklore,3
cleanup,3
museum,3
memeland,3
week,3
wash,3
candle,3
captionthis,3
guilty,3
superheroes,3
floff,3
hayaomiyazaki,3
spiderverse,3
mentalhealth,3
kindness,3
milktea,3
random,3
phones,3
ComeTogether,3
vet,3
streetcat,3
LELO,3
butterfly,3
notimetodie,3
swing,3
triangle,3
career,3
no,3
arnoldschwarzenegger,3
CGI,3
trust,3
patrickstar,3
nope,3
millennials,3
sit,3
earthday,3
wrestling,3
koreanstreetfood,3
onsen,3
bbq,3
facetime,3
moonwalk,3
birthdaycake,3
tippytaps,3
bankaccount,3
clumsy,3
marriage,3
show,3
green,3
environment,3
linkedin,3
bloodmoon,3
stretch,3
cinderella,3
nft,3
lepain,3
pringles,3
door,3
cookieart,3
vintage,3
lofotenislands,3
jumprope,3
sneaky,3
why,3
manners,3
videos,3
gymnast,3
joey,3
plants,3
drawings,3
wildliferescue,3
matrix,3
buttercream,3
bobatea,3
Bichon,3
stressed,3
taxes,3
hatching,3
confused,3
irish,3
hoodie,3
motorcycle,3
snore,3
notifications,3
smh,3
calming,3
illusion,3
hk,3
word,3
lockdown,3
poolparty,3
easteregg,3
candy,3
sweet,3
sponsored,3
existentialcrisis,3
gamer,3
girl,3
stubborn,3
ShotonOnePlus,3
fairy,3
walkies,3
goodnight,3
suspicious,3
stick,3
80s,3
clingycat,3
instantnoodles,3
supernatural,3
cardistry,3
Valentine,3
beats,3
nuts,3
Ablo9GAG,3
phase10,3
zenitsu,3
stranger,3
loving,3
stray,3
animalrescue,3
lifestyle,3
catwalk,3
finnishspitz,3
repair,3
mermaid,3
dolphin,3
anyaforger,3
merrychristmas,3
Goodboi,3
relief,3
howlsmovingcastle,3
bakery,3
pun,3
loneliness,3
poland,3
mjolnir,3
claytray,3
fly,3
loaf,3
concert,3
brightwin,3
2gether,3
favorite,3
ninatucker,3
highlandcow,3
staysafe,3
misheard,3
pocky,3
headache,3
origami,3
MeowedReelRemix,3
nose,3
italiancuisine,3
derp,3
puppies,3
tequila,3
omurice,3
lifehack,3
nightowl,3
cutenessoverload,3
expectation,3
signs,3
dishwashing,3
joaquinphoenix,3
boo,3
typo,3
spaday,3
tshirts,3
holographic,3
Pug,3
doggrooming,3
vr,3
depressed,3
waiter,3
hogwarts,3
c4d,3
eww,3
opposite,3
evergreen,3
sand,3
screenshot,3
europe,3
tail,3
outdoor,3
cook,3
geometry,3
indomie,3
helicopter,3
OnePlus,3
rollerskating,3
canada,3
tutorial,3
googlyeyes,3
hero,3
smalltalk,3
exams,3
lunarnewyear,3
safety,3
employee,3
juggling,3
ok,3
selfdoubt,3
bae,3
fear,3
grooming,3
comfy,3
bonsai,3
Pomeranian,3
acrylic,3
rewind,3
kittens,3
Toypoodle,3
profilepic,3
amberheard,3
flies,3
slowmo,3
crisis,3
wakingup,3
microscope,3
ToyPoodle,3
blackpink,3
selfintroduction,3
snacks,3
neighbor,3
semester,3
colombia,3
documentary,3
twice,3
budgie,3
march,3
nomnom,3
snorlax,3
prizesbygamee,3
foodporn,3
patience,3
physics,3
refaceapp,3
owlkitty,3
playstation,3
sky,3
boxer,3
foleyartist,3
seaotter,3
WHYSOMEME,3
throwback,3
handsanitizer,3
headphone,3
maths,3
gojosatoru,3
toxic,3
facts,3
toothpaste,3
sunflower,3
Doberman,3
communication,3
mlem,3
warm,3
mango,3
abstractart,3
past,3
garlic,3
nightshift,3
zonedout,3
LGCineBeam,3
chess,3
mondayblues,3
ifyouknowyouknow,3
emojis,3
K11ARTMALL,3
snek,3
konglish,3
trippy,3
slice,3
samesamebutdifferent,3
crocs,3
umbrellaacademy,3
chock,3
arrow,3
eyecontact,3
doberman,3
working,3
people,3
bearddragon,3
icedcoffee,3
porcelain,3
CockerSpaniel,3
shadow,3
god,3
trend,3
waffle,3
break,3
peakyblinders,3
Club9,3
badluck,3
gameboy,3
dubai,3
impression,3
spookyseason,3
bingewatch,3
spanish,3
revenge,3
mornings,3
selfcontrol,3
pooh,3
whippedcream,3
sealion,3
lemon,3
sherlock,3
caring,3
contentcreator,3
hiking,3
cyberpunk2077,3
korea,3
drake,3
giftwrapping,3
maskon,3
bork,3
celebrity,3
mindblowing,3
persian,3
marinebiology,3
bohemianrhapsody,3
babyotter,3
zookeeper,3
rottie,3
interiordesign,3
dj,3
messy,3
fatherhood,3
singer,3
minecraft,3
jim,3
backtoschool,3
human,3
macho,3
outdoorcooking,3
castle,3
boomer,3
camouflage,3
volleyball,3
cringe,3
spacex,3
tomholland,3
airplane,3
garfield,3
axolotl,3
frenchfries,3
specialneedcats,3
hot,3
realisticcake,3
interrogation,3
writer,3
vibing,3
facebookconnect,3
paulfeig,3
pillowfight,3
lamp,3
portugal,3
afterwork,3
flash,3
slacking,3
classof2021,3
rap,3
twerk,3
hangover,3
selfcare,3
police,3
update,3
makeover,3
streetart,3
kangaroo,3
tabletennis,3
parasite,3
gudetama,3
photogenic,3
christmaseve,3
crocodile,3
wish,3
monk,3
dwarfhamster,3
andrewgarfield,3
subway,3
holiday,3
3am,3
catmassage,3
xmen,3
tenet,3
insecure,3
void,3
studentsproblem,3
professor,3
rollercoaster,3
bettercallsaul,3
missing,3
charityekezie,3
raining,3
misconceptions,3
superbowl,3
stitch,3
escape,3
brazil,3
cantonese,3
satan,3
lightsaber,3
pawsome,3
friendly,3
wizard,3
waxseal,3
ghosting,3
visualart,3
treats,3
brainfreeze,3
trickortreat,3
beagle,3
power,3
GiftWithGO,3
pregnant,3
PokemonGOHoliday,3
stars,3
insects,3
Christmas,3
dumb,3
parent,3
gotg,3
sword,3
morocco,3
surfing,3
towel,3
officedog,3
risky,3
alexa,3
Infinix,3
petgrooming,3
supermariobros,3
liquor,3
trip,3
llama,3
WeAreVenom,3
angrycat,3
NaomieHarris,3
MichelleWilliams,3
werewolf,3
TomHardy,3
bodybuilder,3
WoodyHarrelson,3
stress,3
MARVEL,3
meditation,3
GoalForFuture,3
fallguys,3
boba,3
pufferfish,3
christmascat,3
eraser,3
playstation5,3
knivesout,3
dirtymind,3
grumpy,3
labradorretriever,3
tidy,3
space,3
mobius,3
sharewithpride,3
spotifywrapped,3
montsaintmichel,3
baker,3
ignore,3
corestrength,3
bossfight,3
quarantinelife,2
props,2
BorderCollie,2
katebush,2
stickers,2
newborn,2
catisland,2
Doodle,2
voiceover,2
lifeistough,2
relationshipstatus,2
siri,2
samsung,2
nofilter,2
aoshima,2
debate,2
meetcute,2
mysterious,2
online,2
balloon,2
bike,2
iguana,2
tippytap,2
shiny,2
puppypile,2
tanjiro,2
vecna,2
plover,2
login,2
pipingplover,2
stare,2
20s,2
skiing,2
jewelry,2
venting,2
funoffcrownyourself,2
us,2
9gaginternship,2
adventurecat,2
shorebirds,2
useless,2
japanesecalligraphy,2
got,2
glasspen,2
dads,2
Singapuracat,2
shortcut,2
fire,2
wardrobe,2
busking,2
runningupthathill,2
dancer,2
loidforger,2
sickleave,2
early,2
reimagine,2
dresden,2
lofi,2
gifts,2
virtualmeeting,2
RoyalFantasy,2
analogue,2
emotional,2
experience,2
nut,2
sunday,2
gongyoo,2
tonguetwister,2
pomsky,2
perspective,2
christmaspresent,2
MapleStoryAwake,2
MapleStoryAwakeMeme,2
walk,2
float,2
faroeislands,2
branchmanager,2
weighloss,2
stun,2
margotrobbie,2
japanesespitz,2
moth,2
beyonce,2
worldemojiday,2
designer,2
bleach,2
cloud,2
philosophy,2
paintmixing,2
SonicFrontiers,2
magiccarpet,2
like,2
IT,2
Friday,2
bedhead,2
pure,2
transformation,2
HappyBirthday9GAG,2
cardboard,2
fairytales,2
onion,2
apologize,2
lovelanguage,2
cerebellarhypoplasia,2
babe,2
commitment,2
colorcode,2
painter,2
cucumber,2
acrobat,2
nightmarebeforechristmas,2
LikeADragon,2
seat,2
Malamute,2
september,2
rendering,2
houseofthedragon,2
PUBGMxBLACKPINK,2
transformer,2
kobe,2
stormtrooper,2
skaterboi,2
Boxador,2
cousin,2
preference,2
mint,2
meowssage,2
bao,2
frosting,2
rubikscube,2
solitaire,2
performanceart,2
therock,2
Song,2
animegelsheet,2
drawer,2
vogue,2
internetexplorer,2
onepunchman,2
Sculpture,2
review,2
90skids,2
ai,2
scratch,2
skeleton,2
sheltie,2
3drender,2
cozy,2
CharliePuth,2
Goberian,2
Charlie,2
BostonTerrier,2
catphotography,2
Music,2
answer,2
floorislava,2
kungfuhustle,2
generationgap,2
chrome,2
jedi,2
bless,2
skywalker,2
lift,2
neckpain,2
catfight,2
HuskyMix,2
LabradorMix,2
cherry,2
actioncomedy,2
theremin,2
cheetah,2
treatyourself,2
endgame,2
emotionaldamage,2
SriLanka,2
AmbuluwawaTower,2
kokonimix,2
bladesmith,2
pawsie,2
awholenewworld,2
remotework,2
sport,2
NewfoundlandDog,2
stonks,2
Aussie,2
forever,2
rip,2
90s,2
Lowcostcosplay,2
maleficent,2
yoyo,2
ringsofpower,2
workhard,2
extraction,2
Crypto,2
dreaming,2
jimin,2
v,2
drifting,2
iphone14,2
oreo,2
periodictable,2
akitainu,2
vibe,2
puppacino,2
tribute,2
LG,2
internationalcatday,2
election,2
secrets,2
jojobizarreadventure,2
newfriend,2
accoustic,2
igstory,2
BarracudaLake,2
papercraft,2
clown,2
appleevent,2
shedding,2
pencilart,2
bedroom,2
gurenge,2
celebrate,2
thailand,2
inappropriate,2
mexico,2
handsome,2
chrishemsworth,2
missionimpossible,2
keycap,2
catcafe,2
spin,2
sandart,2
beat,2
hack,2
JackRussellTerrier,2
piggy,2
itchy,2
southafrica,2
precious,2
goodbye,2
viciouscircle,2
pubgmobile,2
pen,2
LGUltraFine,2
midnightthoughts,2
mistakes,2
pochita,2
transformers,2
360,2
leaves,2
sketching,2
justcatthings,2
berner,2
avoid,2
zucc,2
temper,2
dragon,2
streaming,2
cocacola,2
nemo,2
laser,2
livestreaming,2
MICOliveapp,2
toad,2
elegant,2
9GAGGirlsGamingTournament,2
addicted,2
boring,2
Reels,2
mountain,2
buzzlightyear,2
sAmaoyed,2
fruitninja,2
ranch,2
LGUltraGearHarold,2
musical,2
curly,2
overnight,2
toebeans,2
monsterinc,2
marine,2
optimistic,2
magictrick,2
choreography,2
loafers,2
coffeeshop,2
mickey,2
Bros,2
HonkaiConcert2022,2
contemporarydance,2
beard,2
generations,2
grammar,2
borb,2
youtubers,2
sock,2
floor,2
AlaskanKleeKai,2
christmassong,2
tuscany,2
potatochips,2
hallstatt,2
commute,2
emotionalsupport,2
TakeYourDogToWorkDay,2
NationalTakeYourDogToWorkDay,2
mascot,2
right,2
msn,2
indoor,2
headbutt,2
TheTomorrowWar,2
drinkwater,2
parenthood,2
concentration,2
carpentry,2
woodburning,2
longtimenosee,2
pridemonth,2
upcycling,2
reverseparking,2
inventions,2
veterinarian,2
succession,2
horses,2
club9giveaway,2
cars,2
madsmikkelsen,2
balcony,2
win,2
themepark,2
fishtank,2
OTWIndonesia,2
russian,2
singingcat,2
dontdoit,2
experiment,2
changemymind,2
prekteacher,2
lightyear,2
surgery,2
excitement,2
nosycat,2
funoffcomfee,2
sofa,2
tomato,2
productshot,2
yeezy,2
village,2
spinner,2
teenagers,2
clouds,2
miniturefigures,2
maincharacter,2
compliments,2
nigeria,2
rug,2
boardgames,2
cardgames,2
chincilla,2
30s,2
WOWTHEWORLD,2
Vivobook,2
queue,2
DreamWithPhemex,2
2019,2
sneezing,2
newyearsresolutions,2
sourdough,2
petting,2
waitforit,2
peerpressure,2
bye,2
america,2
catshelter,2
cliche,2
pittie,2
carwash,2
cardetailing,2
furniture,2
partyhard,2
pawty,2
catnip,2
actionfigure,2
bros,2
landline,2
fridaynight,2
hamsterwheel,2
gone,2
tips,2
hotcorgisummer,2
doors,2
silence,2
quailegg,2
cryptocurrency,2
haunted,2
scoobydoo,2
pineapple,2
growingup,2
recording,2
bubble,2
fallowdeer,2
headphones,2
pup,2
euro2020,2
showering,2
bat,2
christmasmarket,2
angels,2
gossipgirl,2
9GAGChristmas,2
christmas2021,2
payday,2
bestfriendday,2
9gagchristmas,2
meowedchristmas,2
BSH,2
nationalbestfriendday,2
download,2
poop,2
quality,2
contemporaryart,2
acrylicpainting,2
waitwhat,2
airbender,2
shopcat,2
city,2
copenhagen,2
graduate,2
comedian,2
youtubetutorial,2
cyberpunk,2
force,2
insect,2
mum,2
xboxseriesx,2
judgingyou,2
browserhistory,2
films,2
bellyrub,2
Maltese,2
alphabet,2
storage,2
confidence,2
tetris,2
escaperoom,2
jackblack,2
pressurewash,2
hereditary,2
instaboyfriend,2
heck,2
ps5giveaway,2
cuttingonions,2
oops,2
eyes,2
makotoshinkai,2
learning,2
rain,2
quiet,2
watch,2
lifechoices,2
opportunity,2
Bladesmith,2
dictionary,2
catlover,2
logarithm,2
mac,2
sherlockholmes,2
waluigi,2
sealife,2
desk,2
dark,2
sleepyhead,2
soup,2
garden,2
professionalcleaning,2
2030,2
earthquake,2
castiron,2
castironskillet,2
temperature,2
IQ,2
showerthoughts,2
momsspaghetti,2
vibes,2
docock,2
costumes,2
scratchboard,2
fairfaxonprime,2
redshift,2
sass,2
diving,2
fashionsketch,2
sweets,2
teddybeaa,2
9GagCoupleCostume,2
dadjoke,2
ApexLegends,2
couplecostumes,2
couplewear,2
ken,2
nationalpastaday,2
halloweencostumes,2
redpanda,2
Cowwhisperer,2
manner,2
SponsoredbyEA,2
worldrecord,2
fastfood,2
kamenrider,2
finelinetattoo,2
excuses,2
bitcoin,2
stationery,2
lunch,2
ghosted,2
liverpool,2
manchesterunited,2
coloring,2
utrecht,2
Monday,2
4kprojector,2
hometheater,2
bestprojector,2
adoption,2
idontwantit,2
cursed,2
junjiito,2
broken,2
kanyewest,2
achievement,2
crunchy,2
brunch,2
crystal,2
mathproblems,2
scientist,2
edinburgh,2
fridaythe13th,2
aquatic,2
lofoten,2
pinchedfingers,2
tampon,2
stunts,2
handstand,2
bali,2
eggporn,2
jackassforever,2
starrynight,2
cuddles,2
phonecalls,2
curry,2
catbus,2
singlelife,2
desserts,2
rant,2
trampoline,2
socialanxiety,2
filter,2
vday,2
214,2
personalspace,2
ValentinesDay,2
takeout,2
hibernation,2
awkard,2
billionaire,2
rollcake,2
sus,2
useful,2
shrimp,2
short,2
paperpuppet,2
caique,2
pop,2
danielcraig,2
buff,2
rapper,2
BobbyHollandHanton,2
blade,2
goldenretreiver,2
girls,2
reallife,2
Pokemon,2
bowlcut,2
grammys,2
zendaya,2
seraphimpigeon,2
catchy,2
gin,2
profession,2
mop,2
9GAGAprilFools,2
Italy,2
millennial,2
weddingphotography,2
client,2
gangster,2
braincell,2
bathbomb,2
billskarsgard,2
Easter,2
washing,2
bradpitt,2
effects,2
sponge,2
cocoa,2
corset,2
costumedesign,2
pineapplepizza,2
wandavision,2
Thor,2
StuntArtist,2
salad,2
AlaskanMalamute,2
m,2
eminem,2
cookieicing,2
1,2
hr,2
mems,2
plaster,2
favoritesong,2
homecafe,2
sanrio,2
views,2
venusaur,2
hammer,2
kamehameha,2
thenvsnow,2
depressionmemes,2
touristspot,2
9gagbadluckbrian,2
antman,2
saxophone,2
paddling,2
goldfish,2
season,2
talented,2
jumpingspider,2
yoshi,2
drums,2
firstdayatwork,2
obedient,2
carving,2
loveyourself,2
lipsync,2
pretend,2
howlcute,2
morningroutine,2
actor,2
mastiff,2
catbath,2
africaisacontinent,2
mastersdegree,2
russia,2
microsoftoffice,2
jurassicpark,2
baggage,2
doodleshandwritingday,2
foodcoma,2
5stars,2
pancakes,2
ablodancechallenge,2
glitterpaint,2
watercolour,2
confetti,2
paintmaker,2
binge,2
exciting,2
amsterdam,2
snake,2
knitting,2
leopardgecko,2
oprahwinfrey,2
homeoffice,2
mentalbreakdown,2
horoscope,2
valentines_day,2
busan,2
9gagdraw,2
tinder,2
soothing,2
dollmaker,2
PlayStation,2
PS4,2
HorizonForbiddenWest,2
justiceleague,2
room,2
thestruggleisreal,2
mykonos,2
graph,2
woof,2
jobapplication,2
dough,2
languages,2
rehearse,2
japanesewhiteeye,2
husbandappreciationday,2
thinking,2
husband,2
30,2
weather,2
furriends,2
visuallyimpaired,2
price,2
depress,2
arvillavigne,2
look,2
Ramadan,2
mew,2
writing,2
cloudboi,2
WellWithLELO,2
prom2021,2
weird,2
calico,2
novel,2
websites,2
encanto,2
dune,2
alcoholmarker,2
copicmarker,2
gal,2
blossom,2
hereforyou,2
darkside,2
lick,2
sketches,2
sideeye,2
reject,2
rejection,2
whatamidoing,2
cleanroom,2
neverending,2
dontgiveup,2
monthofgood,2
polish,2
rehabilitation,2
dentalcare,2
halffull,2
bigeyes,2
summervibes,2
package,2
zelda,2
taiwanstreetfood,2
cube,2
smell,2
drummer,2
livelaughlove,2
wife,2
9GAGANIMEME,2
catattack,2
pajamas,2
halfempty,2
coke,2
moustache,2
maltipoo,2
actors,2
characters,2
academyawards,2
gooey,2
melody,2
oscarissac,2
subtitles,2
nani,2
joeydoesntsharefood,2
vitamin,2
teeth,2
dccomics,2
lying,2
colorpencil,2
sleepingposition,2
dumbbell,2
secret,2
inflation,2
natural,2
unnecessary,2
earrings,2
wallpaper,2
grocerystore,2
translation,2
wigglebutt,2
lies,2
notes,2
doraemon,2
freetime,2
Couplegoals,2
rugcleaning,2
jobs,2
plushtoy,2
woodworking,2
jamesbond,2
gravity,2
shaving,2
finaldestination,2
Chihuahua,2
cristianoronaldo,2
madeira,2
vodka,2
zoomie,2
apocalypse,2
imposter,2
liveaction,2
tufting,2
kisses,2
bison,2
2d,2
zoo,2
mothersday,2
freddiemercury,2
joehisaishi,2
Spiritedaway,2
hipster,2
hop,2
redfox,2
feeling,2
motiondesign,2
sylvesterstallone,2
silhouette,2
3dquilling,2
mondayblue,2
tickle,2
talkative,2
ladygaga,2
CavalierKingCharlesSpaniel,2
inuyasha,2
spa,2
simpson,2
flexible,2
privacy,2
kirby,2
quilling,2
ipad,2
minions,2
duolingo,2
psychedelic,2
donburi,2
boys,2
grindelwald,2
0gag,2
handmade,2
finedining,2
ideas,2
seatbelt,2
chatGPT,2
exoticlonghair,2
improviseadaptovercome,2
hide,2
stairs,2
timburton,2
moodswing,2
sign,2
sleepschedule,2
howling,2
sameshit,2
whale,2
Quarantine,2
crossfit,2
onlinelearning,2
treadmill,2
screenshots,2
movedout,2
uno,2
tictactoe,2
darkmode,2
overtime,2
TheLovebirds,2
cherryblossom,2
will,2
coding,2
primetime,2
wanderlust,2
sims,2
ninjaturtles,2
penalties,2
plan,2
roommate,2
miniatureart,2
weimaraner,2
tablecloth,2
goldenglobes,2
snooze,2
mobilegame,2
cutecat,2
groceryshopping,2
exhausted,2
flex,2
lukeskywalker,2
Greece,2
deadinside,2
GenshinImpactMemes,2
training,2
udon,2
rubberchicken,2
monkey,2
phobroth,2
babygoat,2
cancel,2
comeback,2
flamingo,2
cattalk,2
comfortfood,2
LEGO,2
notagain,2
fandom,2
bouncejuggling,2
balls,2
winetime,2
lovestory,2
airpods,2
Mykonos,2
GenshinImpact33,2
spillingtea,2
WishesFromTeyvat,2
theatre,2
yourfaceyourfate,2
harvest,2
MEGTridentX2,2
disinfection,2
popsicle,2
good,2
MSIGaming,2
MSI,2
dango,2
identitytheft,2
frenchmastiff,2
mandarin,2
BenQ,2
headmassage,2
princeharry,2
england,2
worldcup2022,2
brexit,2
meat,2
TopGun,2
iloveyou,2
liloandstitch,2
offwork,2
sable,2
dining,2
sweating,2
soda,2
badguy,2
protein,2
bookstore,2
creepy,2
chubbycheeks,2
waddle,2
grass,2
daydreaming,2
stamps,2
watches,2
michaeljackson,2
burn,2
eggbread,2
wristwatches,2
hamsters,2
viral,2
disappointment,2
notouch,2
indecisive,2
sphynxcat,2
villains,2
seniordog,2
schedule,2
sparrow,2
morningperson,2
dc,2
fostercat,2
photoshoot,2
ghostbusters,2
noface,2
voice,2
explosion,2
raptor,2
choices,2
facemask,2
catfish,2
oversharing,2
qtip,2
quail,2
carpet,2
travelgram,2
coupledestination,2
powerrangers,2
searchhistory,2
breakup,2
truffle,2
acrobatics,2
router,2
glowup,2
vindiesel,2
paint,2
familygathering,2
henlo,2
malamute,2
ceramic,2
shakira,2
management,2
debunk,2
buildabear,2
poverty,2
chart,2
masks,2
naptime,2
unicorn,2
DC,2
goodvibes,2
nutella,2
idowhatiwant,2
insta360,2
scooter,2
filmmaking,2
dishes,2
salmon,2
glassonion,2
youshallnotpass,2
corona,2
bottleopener,2
autosave,2
quarantineactivities,2
RoyalFlycatcher,2
tigerking,2
breathe,2
winterwonderland,2
polevault,2
gymclass,2
knife,2
gintonic,2
vegan,2
traveling,2
majestic,2
britishproblems,2
3danimation,2
wool,2
numb,2
wolf,2
treat,2
april,2
TheMandalorian,2
liver,2
blankie,2
peacewasneveranoption,2
oscars2023,2
dejavu,2
initiald,2
corgibutt,2
practicemakesperfect,2
pedicure,2
mushroom,2
nintendo,2
moment,2
missyou,2
best,2
epoxy,2
cheerup,2
resinpour,2
deafdog,2
wuhancoronavirus,2
fruittart,2
galaxy,2
rome,2
adamdriver,2
pillow,2
groundhog,2
glassblowing,2
clock,2
appearance,2
dope,2
loveydovey,2
todo,2
plagueinc,2
fingerstyle,2
wave,2
twins,2
closefriend,2
americaneskimo,2
guardianangel,2
fakescenarios,2
coffindance,2
dogdaycare,2
alcoholink,2
apartment,2
raincoat,2
bunnies,2
bongjoonho,2
starbucks,2
sloth,2
slack,2
myback,2
grilling,2
rat,2
measuring,2
liar,2
justincase,2
makeplans,2
yummy,2
Sanctuary,2
zombie,2
wednesdayaddams,2
notfound,2
deadpool,2
monster,2
amputee,2
toothless,2
barbeque,2
newyearnewme,2
cover,2
forgetful,2
pawfect,2
23,2
procrastinator,2
9gagdrawing,2
sonicmovie,2
fireworks,2
newyearseve,2
seaglass,2
moveout,2
yum,2
partygames,2
ants,2
scary,2
dumbbells,2
snootboop,2
playfetch,2
legends,2
aang,2
priority,2
newyearresolution,2
swissalps,2
public,2
watercat,2
hammock,2
wrong,2
everythinghurts,2
twitch,2
miss,2
steampunk,2
VR,2
ninja,2
infinity,2
okboomer,2
names,2
festive,2
derry,2
finalboss,2
calculator,2
ios,2
VFX,2
futureme,2
bobafett,2
benaffleck,2
hackerman,2
zodiacsigns,2
lake,2
fridge,2
blessyou,2
tourist,2
seen,2
flipflops,2
jenniferlopez,2
steak,2
relatives,2
ankle,2
technology,2
michaelscott,2
balloonart,2
tummy,2
orca,2
moon,2
cockapoo,2
snowboard,2
incognito,2
adoptdontshop,2
mrbean,2
faucet,2
shoulder,2
letitgo,2
mariomovie,2
nails,2
jenga,2
weddingcake,2
resolution,2
jonathanmoore,2
KimetsunoYaiba,2
didyouknow,2
swirl,2
better,2
genshinimpactmemes,2
weapon,2
fur,2
mental,2
reallifedoodle,2
botanicalart,2
hokkaido,2
gopro,2
mariahcarey,2
pawtato,2
knowledge,2
ronaldo,2
trauma,2
Miniature,2
luggage,2
sodone,2
skipping,2
lastairbender,2
bee,2
reckless,2
taken,2
latte,2
pompom,2
vietnam,2
freedom,2
martialart,2
arcade,2
refreshing,2
lucifer,2
voicesinmyhead,2
snowboarding,2
blindcat,2
sauce,2
peaceful,2
hoarding,2
pho,2
LNY,2
meowjestic,2
broccoli,2
fathersday,2
uncomfortable,2
pie,2
dimple,2
elf,2
AMA,1
washer,1
ChrisRock,1
movielogic,1
ringedseal,1
mosaic,1
stunning,1
syria,1
glassart,1
holycow,1
compressed,1
turkeysyriaearthquake,1
whatjusthappened,1
leapoffaith,1
orderfromwish,1
flatlayphotography,1
booksmart,1
WillSmith,1
dip,1
instagrambots,1
double,1
bedsheet,1
squirrelclub,1
givingup,1
thenandnow,1
growuptransformation,1
major,1
thumbnails,1
sneakers,1
onboard,1
insidejoke,1
tongueout,1
liftup,1
plexiglass,1
holdit,1
sportswear,1
lovers,1
bellygom,1
january,1
gwenstacy,1
gb,1
dreamdestination,1
cheeseburger,1
font,1
imagination,1
cerberus,1
doubledate,1
snowangel,1
giftideas,1
croffle,1
KissYourPetChallenge,1
decisions,1
streetsmart,1
callcenter,1
thedetectiveisalreadydead,1
LELOSONACruise,1
outlook,1
sumimasen,1
somebodyoncetoldme,1
oven,1
broth,1
airplanefood,1
childsplay,1
glowart,1
beyondtheboundary,1
morayeel,1
dinosaurs,1
milesmorales,1
chinky,1
talkingcat,1
stacysmom,1
weasleys,1
mydressupdarling,1
weathergirl,1
spiderpeople,1
onlinequestion,1
overwatch,1
commuting,1
Shepherd,1
variants,1
PortugueseWaterDog,1
bilingual,1
tablet,1
ethereum,1
supervillain,1
finishthisdrawing,1
ripe,1
batteries,1
nftoftheday,1
coburg,1
insidejokes,1
erfurt,1
supereffective,1
toofast,1
kneewalk,1
coconutdog,1
cabin,1
suckit,1
moviequotes,1
autobots,1
focaccia,1
pokemongame,1
lifejacket,1
printing,1
jeffbezos,1
ciri,1
countryside,1
lover,1
lilycollins,1
meaning,1
abbreviation,1
paperbag,1
suffer,1
fighter,1
naive,1
runningnose,1
Pyrenees,1
growth,1
line,1
mindreading,1
Bulatkantiketmu,1
yawning,1
HargaGLEDEK,1
dontlookup,1
jenniferlawrence,1
OnlinetiketWeek,1
somebodyiusedtolove,1
season4,1
stonecoldheart,1
TaikonoTatsujin,1
airportsecurity,1
dec31,1
gathering,1
wotk,1
mobile,1
leisure,1
hardchoice,1
artdeco,1
hotcoffee,1
author,1
incenseburner,1
gambling,1
electriccar,1
gas,1
pandemic,1
wagmiaow,1
Oscars2022,1
robbiecoltrane,1
perceptualart,1
favoriteperson,1
symptoms,1
twofaced,1
alcoholism,1
jordan,1
tradition,1
card,1
flu,1
remedies,1
nationalspaghettiday,1
limewire,1
cheerful,1
applewatch,1
collection,1
Spottedpardalote,1
yankee,1
ring,1
Ragdoll,1
sony,1
vetlife,1
rainydays,1
emilyinparis,1
bathtub,1
carperson,1
gag,1
afterschool,1
misconception,1
hagrid,1
Africa,1
spacebuns,1
curse,1
guardian,1
spell,1
tip,1
inyourface,1
noone,1
marriedlife,1
makingbed,1
fix,1
web,1
repurposed,1
9gaa,1
fattailgerbil,1
singlesawarenessday,1
gerbil,1
brainfog,1
sewingmachine,1
coffeedate,1
maru,1
specialeffect,1
friendswithbenefits,1
microscopic,1
modaoperandi,1
arcadegames,1
hulu,1
hbo,1
phonepics,1
amazonprime,1
laserbeam,1
needlefelting,1
PokemonGOTour,1
restart,1
crunchyroll,1
deepthoughts,1
dramaqueen,1
mirrordimension,1
agate,1
gems,1
literally,1
teachingassistant,1
Projector,1
nintendoswitcholed,1
notresponding,1
peacemaker,1
vigilante,1
knifeskills,1
standupcomedy,1
computerfiles,1
gpa,1
signoff,1
sitcom,1
bedtimeprocrastination,1
booknook,1
narnia,1
aurora,1
latenight,1
comments,1
MiniProjector,1
valentineday,1
languagelearning,1
valentinesday2022,1
PortableProjector,1
GV11,1
GV30,1
swipeleft,1
cantsleep,1
sonacruise,1
dogbath,1
censorship,1
philosopher,1
memethisMSI,1
foodorder,1
Clawstrider,1
cattranslator,1
dontdothis,1
datingprofile,1
singleawarenessday,1
raccoons,1
winodws95,1
yakuza,1
twist,1
badass,1
covidtest,1
valentine,1
ptosis,1
calicocat,1
toothbrush,1
arcane,1
cast,1
spidermanpointingmeme,1
exhale,1
deportment,1
youareamazing,1
corgiswim,1
babybird,1
tame,1
blind,1
musicvideo,1
floral,1
NationalLoveYourPetDay,1
loveconfession,1
kittydinger,1
imok,1
icecubes,1
Ifixeditboss,1
postvalentinesday,1
BerneseMountainDog,1
mischief,1
KittyDingerNFT,1
Meowsic,1
secretsofdumbledore,1
fantasticbeasts,1
tangarine,1
universallanguage,1
fans,1
MiniBullTerriers,1
choking,1
bellaramsey,1
zodiac,1
quartz,1
costofliving,1
headlamp,1
PomPomPurin,1
lightpaintingphotography,1
donaldduck,1
sportsmanship,1
goodsleep,1
remedy,1
wikihow,1
courage,1
prequelmemes,1
recreative,1
notinthemood,1
mondaymotivation,1
daki,1
muzan,1
goodendoodle,1
2016,1
dumpsterdiving,1
reinterpretation,1
imsorrylittleone,1
blinddog,1
hotshower,1
screenprotector,1
cctv,1
PaulRudd,1
BuzzLightyear,1
caterpillar,1
unwrap,1
pidgeot,1
StarCommand,1
doorbell,1
genx,1
scamcall,1
techno,1
hotsprings,1
staycalm,1
ID,1
eagle,1
crow,1
corvid,1
itsok,1
spidey,1
shetlandsheepdog,1
island,1
ritual,1
eticket,1
story,1
representationmatters,1
pocket,1
sandpeople,1
tablecat,1
Lykoicat,1
werewolfcat,1
smudge,1
4624,1
irshwolfhound,1
dogandcat,1
whitelist,1
selfsabotaging,1
BAYC,1
deadlysins,1
embrace,1
marineiguana,1
hobbit,1
upsidedown,1
seeingeyedog,1
opportunities,1
rendermotion,1
seapuppy,1
carelesswhisper,1
chick,1
handshadow,1
signature,1
thisdoesnotsparkjoy,1
punchneedle,1
rugmaking,1
guilt,1
italianfood,1
camerashy,1
drivemycar,1
wisteria,1
Valentinesday,1
peersonality,1
smileyface,1
jazz,1
post,1
loser,1
dancinghouse,1
softwareupdate,1
pianolessons,1
Prairiedog,1
onix,1
relative,1
flyingsquirrels,1
siberianflyingsquirrel,1
dogecoin,1
DM,1
teendrama,1
keyboardfighter,1
safetydoll,1
photograph,1
nobitanobi,1
jkrowling,1
notsorry,1
kyoto,1
year,1
snapchat,1
arbok,1
ekans,1
parttimejob,1
3Davatars,1
3davatar,1
rendeer,1
mountaincart,1
character,1
spelling,1
tinderswindler,1
mining,1
dorayaki,1
muk,1
szechuansauce,1
fisherman,1
takemeback,1
faceplam,1
babyitscoldoutside,1
transition,1
unexplainable,1
sleepingcats,1
voicemessage,1
rpg,1
mobpsycho100,1
babylearning,1
toycar,1
mclarenp1,1
mclaren,1
felince,1
textback,1
herewegoagain,1
motiontattoo,1
midnightsnack,1
bobbyhill,1
havanaoriental,1
longboard,1
breaks,1
chocolatecat,1
slowmotiong,1
isthisreallife,1
homedate,1
filmmaker,1
lie,1
movielover,1
carsofinstagram,1
cursedcakes,1
shapeofyou,1
astronaut,1
curves,1
KenshiYonezu,1
Dangouo,1
evangelion,1
astronomy,1
lumpsucker,1
allnighter,1
iwilldoittomorrow,1
garlicbread,1
employeeofthemonth,1
toughjchoice,1
shotoniphone,1
laserprojector,1
HU810P,1
inatagf,1
incognitomode,1
forkcalligraphy,1
chinesemedicine,1
Sanat,1
toystories,1
oralhistory,1
firstlove,1
webdeveloper,1
merightnow,1
dadsofinstagram,1
hardcore,1
costumerservice,1
movienight,1
understoodthatreference,1
carnival,1
senseofhumor,1
NationalDictionaryDay,1
jakarta,1
eyebrow,1
newmeanings,1
timing,1
streetfootball,1
sorrynotsorry,1
gg,1
esports,1
ti10,1
dota2,1
readyplayerone,1
homecooking,1
paranoid,1
arcadegame,1
upstairs,1
noise,1
wifipassword,1
misunderstanding,1
Insta,1
button,1
error404,1
reread,1
oatmeal,1
eatinghabits,1
9GAGCoupleCostume,1
Barbie,1
bodywave,1
consequences,1
ldr,1
longdistance,1
cheeselovers,1
waterplants,1
doughnut,1
GoldenDoodle,1
Bulldog,1
grocerystores,1
iPhone11Pro,1
hours,1
echidna,1
DIABLOIV,1
nativelanguage,1
meta,1
Metaverse,1
fishingbait,1
fishing,1
tanghulu,1
dalgonacandy,1
wronglyrics,1
patrickthestar,1
montereybayaquarium,1
minidrawing,1
goats,1
houseparty,1
connectfour,1
low,1
chadstahelski,1
washitape,1
OPENBETA,1
sandwich,1
procrastinating,1
cuttlefish,1
embryoniclearning,1
cankersore,1
fired,1
edit,1
doormat,1
GTA,1
sarcastic,1
dogsofinstagram,1
smartprojector,1
ledprojector,1
mature,1
PF610P,1
flamebreathing,1
microexpression,1
areyoumockingme,1
glasswindow,1
AD,1
abudhabi,1
hydrated,1
memethisWOTB,1
scenarios,1
sevendeadlysins,1
sandman,1
slides,1
woodengraving,1
printmaking,1
withgreatpowercomesgreatworkload,1
desert,1
strenght,1
Turtle,1
MarioKart,1
kadokawaculturemuseum,1
grandmosque,1
itch,1
munchies,1
aquaman,1
kestrel,1
loveme,1
beyourself,1
sugar,1
ginglecat,1
babycart,1
whales,1
cyber,1
agnail,1
deepdarkfears,1
punishment,1
wallstreet,1
whydoidothat,1
fanbase,1
whistle,1
trigger,1
inspirational,1
whiteshirt,1
bowser,1
eastcoast,1
surfphotography,1
wrestle,1
seeding,1
pumpitup,1
eastereggs,1
Bhangra,1
movieeastereggs,1
andalucia,1
Sikh,1
cantresist,1
ijustwantpeace,1
eternals,1
LELOF1SV2,1
wellwithLELO,1
comeover,1
shotfired,1
pyrography,1
roomservice,1
vision,1
agility,1
pizzadelivery,1
pizzatime,1
Potterheads,1
loopanimation,1
animator,1
onceuponatime,1
deathstare,1
carengraving,1
lavenderfields,1
bloodplatelets,1
designermemes,1
yasuharutakanashi,1
fairytail,1
bambooflute,1
ninjawarrior,1
slavic,1
gympotato,1
hairremoval,1
hugging,1
lifting,1
workers,1
adhd,1
attentionspan,1
winsow,1
bbc,1
traintobusan,1
iphone11pro,1
lunchdate,1
clayartist,1
JujutsuKaisen,1
piggybath,1
mmorning,1
waxing,1
wavephotography,1
funnyfaces,1
hoodies,1
beetle,1
spam,1
patternweldedsteel,1
damascussteel,1
audubonsociety,1
color,1
tern,1
wand,1
potterhead,1
hpfans,1
hp,1
guitarcenter,1
readtheroom,1
killjoy,1
eyebrows,1
castlecombe,1
areyouok,1
comforting,1
outdooractivities,1
practice,1
slime,1
binging,1
swimmingpools,1
poolcleaning,1
wallflower,1
cubancrocodile,1
countries,1
bubbles,1
Homework,1
ChildrensDay,1
cavalierkingcharlesspaniel,1
questions,1
noice,1
godnight,1
coach,1
carpets,1
usedtoit,1
loot,1
youknowtoomuch,1
friendsforever,1
onfleek,1
BettyBoop,1
evidence,1
therapeutic,1
catcare,1
nationalnoodleday,1
instagramdown,1
EA,1
Pumpkin,1
dalgona,1
nerds,1
perfectmatch,1
conservatorship,1
leaveBritneyalone,1
repeat,1
bigstretch,1
polariod,1
makingplans,1
harleyquinn,1
needlefelt,1
needleart,1
noidea,1
congrats,1
gotthejob,1
thetotallyspies,1
nycdragqueen,1
dragqueen,1
drag,1
Fall,1
woolart,1
dogdad,1
popcat,1
sinkhole,1
9GAGCoupleCostumes,1
mera,1
christmaswishes,1
ebike,1
sneakpeek,1
12022021,1
20211202,1
PalindromeDay,1
caughtyou,1
enel,1
prince,1
tvlocations,1
filminglocations,1
crossfitter,1
pushups,1
soccerplayer,1
footballplayer,1
hauntedhouse,1
ragdollcat,1
deleted,1
wilderness,1
sadness,1
enough,1
holdyourbreath,1
newemployee,1
appointment,1
trainer,1
lovequinn,1
grounded,1
chrismas,1
reception,1
familyguy,1
zodiacsign,1
napping,1
hottub,1
hairdye,1
neonhair,1
instastory,1
afterlife,1
chiitan,1
wifelogic,1
stoppedworking,1
checkmyselfout,1
nba,1
cuddling,1
areyouwinningson,1
desktop,1
friendlyreminder,1
90sbabies,1
introvertstricks,1
europeans,1
heavy,1
young,1
skit,1
browsinghistory,1
domination,1
oldself,1
raven,1
thought,1
friedrice,1
FinnishSpitz,1
lasereyes,1
thoughts,1
luffy,1
allegy,1
microphone,1
alaskan,1
fostercats,1
soul,1
lose,1
workbuddy,1
cybermonday,1
winner,1
budgetplanning,1
realisticart,1
Rorschach,1
cometrue,1
classwork,1
daifuku,1
charactercosplay,1
gorillaz,1
christmastrees,1
venom,1
boxes,1
ferrofluid,1
languageclass,1
FRIENDS,1
monring,1
headset,1
Insomnia,1
Logitech,1
predator,1
lmao,1
bridge,1
tobaaquarium,1
myneighbortotoro,1
sootsprites,1
itsfine,1
sarcasm,1
dinasaur,1
mayans,1
howyoudoin,1
catdetailing,1
foreedgepainting,1
ovenbaked,1
musictaste,1
leavemealone,1
implants,1
auntmay,1
construction,1
cosmetics,1
brownie,1
buildingsnags,1
mysterysolved,1
sulcatatortoise,1
automobile,1
minesweeper,1
prideandprejudic,1
davidbeckham,1
nda,1
latenightgaming,1
pointofview,1
kittymeter,1
PretendToBeATimeTravelerDay,1
nohorny,1
nosyfriends,1
babushka,1
catgrooming,1
leader,1
dislikebutton,1
generalgrievous,1
kenobi,1
results,1
bridgerton,1
romeoandjuliet,1
charcuterie,1
emma,1
head,1
premierleague,1
stupid,1
trouble,1
growfruitandveg,1
Morkie,1
neversettle,1
passiveaggressive,1
impressive,1
worklifebalance,1
veganrecipes,1
gambit,1
png,1
camellia,1
alsome,1
morningstretch,1
pregnancy,1
giveup,1
9gagqna,1
rabbits,1
overworked,1
educational,1
Tamaskandog,1
inspiration,1
iPhone11,1
iamwinning,1
AppleEvent,1
pizzaguy,1
greyhound,1
underthesea,1
cruise,1
lakecomo,1
constellation,1
greeks,1
tiketON,1
OTWBali,1
bremen,1
calmdown,1
watchmystuff,1
packaging,1
scissors,1
fidgettoy,1
OldGermanOwlpigeon,1
fancypigeon,1
facialexpressions,1
animalportrait,1
typing,1
creativeart,1
tomcruise,1
nicolekidman,1
deepclean,1
petty,1
littlemermaid,1
morningwalk,1
bitesized,1
oldgames,1
tree,1
wing,1
soundeffect,1
finals,1
vrgame,1
knee,1
squats,1
singlish,1
romper,1
halloweencostume,1
fusion,1
metallicwatercolor,1
phonetic,1
adulthod,1
explain,1
bigmouth,1
sexlife,1
noescape,1
adultery,1
flossing,1
metalgearsolid,1
youcantstop,1
italiangreyhound,1
tribbiani,1
Meal,1
disgusting,1
paycheck,1
Joey,1
cakeday,1
familytrandition,1
nonstopnutnovember,1
jackskeleton,1
midnightsnacks,1
psychologist,1
joking,1
castironcooking,1
takenotes,1
eyelids,1
deepcleaning,1
unit,1
doublemeaning,1
magicmatt,1
depresso,1
espresso,1
interraciallove,1
studentproblems,1
greencheekconures,1
milan,1
grownup,1
yesterdayme,1
mathematics,1
iammyownenemy,1
goldensnitch,1
ferrerorocher,1
fake,1
doctorappointment,1
redbull,1
yucatan,1
pineappleonpizza,1
howcouldyou,1
americanmusicawards,1
9gagpets,1
hieroglyphics,1
instagirlfriend,1
her,1
him,1
cap,1
pepperoni,1
keytosuccess,1
whiskey,1
toddlers,1
englishlearning,1
attackmoves,1
refrigerator,1
habits,1
Leafinsect,1
Pickuplines,1
MichealScott,1
positivereinforcement,1
Funny,1
weekday,1
lowbatterymode,1
keyboards,1
rockbottom,1
depressionmeme,1
skydiving,1
Phylliumgiganteum,1
coffe,1
foodchain,1
ducks,1
GiantMalaysianLeafinsect,1
underwear,1
WorldKindnessDay,1
jingle,1
JackRussell,1
alliwantforchristmasisyou,1
powerpuffgirls,1
misspelling,1
algorithm,1
fashionshow,1
britney,1
theflash,1
dumbass,1
messaging,1
ellie,1
swanlake,1
monochromatic,1
colorsofthewind,1
tofu,1
WhiteDay,1
adults,1
characterdevelopment,1
lifehacks,1
ideallife,1
longjump,1
domybest,1
trying,1
3dpen,1
novels,1
dystopian,1
clefairy,1
finishthedrawing,1
sixfeetunder,1
bulbasaur,1
hearse,1
amiannoyingyou,1
attentionseeking,1
ditto,1
thesandman,1
chinchillapersiancat,1
dontworrydarling,1
coolpeople,1
fitin,1
paper,1
dontbelong,1
NationalVideoGamesDay,1
jigglt,1
georgia,1
unread,1
yinandyang,1
receipt,1
sharedpassword,1
cerealbag,1
drpression,1
inahurry,1
overfriendly,1
adultingbelike,1
emergency,1
sharelocation,1
jayz,1
chrispine,1
NationalReadABookDay,1
mods,1
InfinixNOTE122023,1
smoothcriminal,1
spooder,1
Caciocavallocheese,1
mbappe,1
final,1
SmellsLikeMe,1
lovelife,1
theringsofpower,1
disappoint,1
SPEEDTOLEAD,1
UnlockYourMultiverse,1
fantastic,1
taisho,1
smallthingsmatter,1
remember,1
casual,1
files,1
soupseason,1
friendlyneighborhoodspiderman,1
newfeature,1
crime,1
offence,1
attendance,1
gojo,1
rookie,1
holbein,1
youtuber,1
18yearsold,1
acrylicpaint,1
instagramnotes,1
gamesofthrones,1
nokia3310,1
toocute,1
srilanka,1
sigiriyarock,1
references,1
crawfish,1
drunktext,1
kinetic,1
thanks,1
fingertricks,1
9gagtrick,1
fifaworldcup2022,1
righttime,1
kawaiifood,1
lensa,1
brands,1
superstitions,1
vikings,1
ornament,1
moild,1
holidaydecor,1
celtics,1
automata,1
truthordare,1
numbers,1
canoe,1
lookingback,1
donkey,1
Artist,1
serialkiller,1
survive,1
oman,1
pizzacrust,1
pessimistic,1
twosides,1
fan,1
daddylonglegs,1
aunt,1
nephew,1
niece,1
badinfluence,1
dogg,1
ultrasound,1
copyandpaste,1
machine,1
eskie,1
excited,1
Kleekai,1
ragnarok,1
hawkcosplay,1
stayinguplate,1
wegotyourback,1
reasonstolive,1
midweekmotivation,1
loveandthunder,1
hearbroken,1
godbutcher,1
affirmation,1
makeupartist,1
fastboi,1
courtesy,1
holddoor,1
emails,1
needle,1
distractions,1
godofwar,1
wastingtime,1
moravia,1
ctrlv,1
missedopportunity,1
knownfor,1
famous,1
lakegarda,1
livakovic,1
sisters,1
chat,1
magician,1
referee,1
lovedones,1
idontseeit,1
undo,1
returnpolicy,1
charlieputh,1
idea,1
pitchperfect,1
bullymaguire,1
kneel,1
shoelaces,1
googlemeet,1
poems,1
overthink,1
latersgators,1
catthings,1
acquaintance,1
collegemajor,1
gottareplyfast,1
reward,1
9gagreels,1
sleeptalking,1
cryptogodsnft,1
aaxexchange,1
aax,1
deepthoughtswiththedeep,1
tumbling,1
MemelandExhibition,1
pressedflower,1
dramaticreading,1
cathealth,1
summerbreak,1
wiisports,1
translationfail,1
lovepotion,1
Cinderella,1
ponytail,1
organicwaste,1
worm,1
deadsea,1
israel,1
darkturn,1
wishes,1
drunkenmaster,1
octopus,1
yearend,1
mating,1
potpourri,1
catlaptop,1
bulbasuar,1
taiwannightmarket,1
oysteromelette,1
passwords,1
waitress,1
eatingout,1
bugrepellent,1
multiplayer,1
botanic,1
herbal,1
lavender,1
Ojigibito,1
updates,1
leftout,1
praise,1
enginecat,1
server,1
strangers,1
camembert,1
wrapped,1
dove,1
bourkesparrot,1
whatdidyousee,1
rorschach,1
pictionary,1
foodcrime,1
nipmastree,1
whoami,1
nip,1
greup,1
olddays,1
misssteak,1
littlemiss,1
firstwordyousee,1
NationalTellAJokeDay,1
9gagDadJoke,1
necessary,1
survivalgame,1
honkaiimpact3rd,1
togepi,1
yujiitadori,1
sweettalk,1
Final5,1
makesnosense,1
InternationalDogDay,1
arguement,1
motionsensorlight,1
hellticket,1
darkhumour,1
9gagrockmusic,1
3djellyart,1
spiderweb,1
anemone,1
jellyart,1
rightinthefeels,1
moana,1
aisanparents,1
izonedout,1
tantrum,1
spicyfood,1
settings,1
infinitezoom,1
execution,1
endlesspaper,1
think,1
cuteanimals,1
babytiger,1
badfriend,1
eyeroll,1
airconditioner,1
lightmode,1
quiz,1
maki,1
clownfish,1
bone,1
organs,1
toiletseat,1
clich,1
warhammer,1
introvery,1
chatty,1
vff,1
fridaymood,1
babysteps,1
pickyeater,1
gallery,1
gamescom2022,1
youtubepremium,1
sleepingbeauty,1
crazy,1
news,1
routine,1
christmasgifts,1
HonkaiImpact3rd,1
nothingtowatch,1
embroideryart,1
cleansing,1
block,1
doll,1
markzuckerberg,1
states,1
youtubethumbnail,1
selfimage,1
justshutupalready,1
noinbetween,1
appa,1
invitation,1
masterroshi,1
wyd,1
tetxting,1
kikisdeliveryservice,1
ceremony,1
anthropology,1
persistence,1
spirit,1
bots,1
sake,1
botcomment,1
fitnesswatch,1
alcoholic,1
BritishShorthair,1
radioactive,1
cakes,1
gordanramsay,1
higurashiwhentheycry,1
acceptanceletter,1
inthefeels,1
october31,1
shibuya,1
harborseal,1
snorkeling,1
whisky,1
thankful,1
hockey,1
haters,1
argentinavsArabiaSaudita,1
apples,1
fifaworldcup,1
badjoke,1
function,1
existence,1
dubrovnik,1
backpack,1
woodcarving,1
jewellery,1
reuse,1
theyseeall,1
nosering,1
snoot,1
dognose,1
expenses,1
hellskitchen,1
spykids,1
flexibility,1
gettingattached,1
inusan,1
retirement,1
elderly,1
bond,1
lowcost,1
businesssuit,1
brot,1
creaitve,1
box,1
nationalblackcatday,1
same,1
native,1
neverfail,1
heartbreak,1
f1rstmotors,1
shuffle,1
InternationalInternetDay,1
Internet,1
OldInternet,1
moveon,1
straightface,1
corgipuppy,1
choice,1
classicalpainting,1
wayagisland,1
IE,1
neopets,1
foxy,1
luxurychair,1
tulipfield,1
myspace,1
icq,1
in50years,1
Xanga,1
LGgram2in1,1
16T90Q,1
unitedstates,1
yogamat,1
requirement,1
brofist,1
denji,1
couventgarden,1
intelligence,1
bathroombreak,1
debt,1
goodtimes,1
roomate,1
Getout,1
tricky,1
cookiedecoration,1
Pacificsaury,1
InternationalTongueTwisterDay,1
ashketchum,1
noshavenovember,1
attitude,1
johnnysins,1
adluting,1
Akabeko,1
recruitment,1
weirdcats,1
bitchwatching,1
netlix,1
spamcall,1
hurdle,1
lazycat,1
rules,1
stylish,1
Mom,1
mountRinjani,1
condiments,1
mumble,1
barbecue,1
apron,1
couch,1
cotswolds,1
catchride,1
pics,1
classmate,1
handgesture,1
freddykrueger,1
dogyoga,1
nnn,1
proposal,1
italianhands,1
haiya,1
scam,1
aisans,1
horrorgames,1
octopuseggs,1
seasons,1
hellraiser,1
gottasleep,1
log,1
stalk,1
sprigatito,1
whatswrong,1
pokemonscarletviolet,1
nickelodeon,1
hasbro,1
bumblebee,1
thrash,1
earthspark,1
worldtelevisionday,1
membership,1
subscription,1
horcrux,1
ye,1
tomriddle,1
pointless,1
saying,1
nothing,1
fooddrive,1
quantumania,1
sailorsenshi,1
perfectionist,1
unproductive,1
royal,1
race,1
raindrop,1
earlybird,1
special,1
fourthwall,1
fictionalcharacter,1
showcats,1
worldteachersday,1
plasticbag,1
littleredridinghood,1
dora,1
content,1
selfappreciation,1
toughquestion,1
stfu,1
chewing,1
southernlights,1
dustbath,1
applause,1
eevee,1
scale,1
workload,1
bodegacat,1
itiswhatitis,1
peers,1
generation,1
disconnected,1
t,1
tunnel,1
minibar,1
tube,1
dannydevito,1
textbooks,1
multiplechoices,1
domesticshorthair,1
supercars,1
ohio,1
slow,1
crayon,1
Gieysztoria,1
flatworm,1
myneckmyback,1
backpaininyourarea,1
unpopularopinion,1
dustinhenderson,1
observer,1
mock,1
DrawPikachuANewFace,1
Pikachu,1
equality,1
shating,1
gender,1
attachment,1
exhuasted,1
habit,1
notebook,1
cottoncandy,1
finale,1
maintheme,1
serachengine,1
naughty,1
animalshelter,1
jennaortega,1
doublebarredfinch,1
airvents,1
thewayofwater,1
finch,1
owlfinch,1
havefun,1
society,1
tellmewhy,1
backstreetboys,1
clapping,1
amonus,1
babyboomers,1
50cent,1
deathmetal,1
pugs,1
bananas,1
devil,1
getcoffee,1
rescuecats,1
trailer,1
ong,1
property,1
goblinslayer,1
lavatoast,1
voidinmyheart,1
saltwateraquarium,1
bucciarati,1
HU915QE,1
cheesetoast,1
controller,1
bareminium,1
arrack,1
proofread,1
ihavenofriends,1
whatsap,1
luxurycars,1
whatsappdown,1
sportscars,1
notfair,1
hotd,1
poem,1
buttwhy,1
grillsquid,1
catplane,1
ididitagain,1
blackadam,1
ultra4K,1
skin,1
gamescomasia2022,1
USTprojector,1
urgent,1
geodude,1
wii,1
levemealone,1
whytho,1
push,1
tennis,1
american,1
checkout,1
cryptoknowledge,1
ouchicafe,1
wisewords,1
inreallife,1
guardiansofthegalaxyvol3,1
chihuachshund,1
committment,1
guardiansofthegalaxy,1
russianblue,1
dragonballz,1
scoringbread,1
worldcupmemes,1
safetyfirst,1
adultinh,1
dailybasis,1
lagged,1
chainsaw,1
surrealism,1
changing,1
25,1
alexeijr,1
AtoZ,1
nationaldictionaryday,1
amphibian,1
clubbing,1
festival,1
oahu,1
nebula,1
avengersendgame,1
dreamlife,1
newyorktimes,1
socialbattery,1
personalities,1
bestseller,1
makefriends,1
itguy,1
firematch,1
greenwich,1
messyeater,1
renovatedvans,1
taco,1
toyrus,1
budget,1
wakawaka,1
squid,1
coolname,1
nationalhuggingday,1
hornedlizard,1
soulamte,1
wronganswersonly,1
futuregeneration,1
bucket,1
boringlife,1
invisiblechallenge,1
longhaircat,1
store,1
OnePlus10Pro,1
9GAGReelRemix,1
shop,1
interns,1
deception,1
thesecretto,1
eggseparator,1
kesha,1
similarity,1
catmukbang,1
bobtailsquid,1
misterdoctor,1
puberty,1
media,1
conscious,1
nigiri,1
Budgie,1
canineprosthetic,1
frontlimbprosthetic,1
swearing,1
picky,1
ITchaptertwo,1
socceer,1
jokermovie,1
9GAGLOTR,1
waterbender,1
avatarthewayofwater,1
innerme,1
gear,1
keyboardwarrior,1
clarkkent,1
Karakuri,1
Karakuripuppet,1
comfortable,1
ironic,1
tigerprawn,1
k9,1
bicep,1
securitydog,1
offline,1
buffcat,1
onlinegames,1
Greetings,1
Rich,1
deadlines,1
tangerine,1
NewYear,1
Yearoftherabbit,1
PokemonGO,1
linoprinting,1
woodblockprinting,1
handcraft,1
complaints,1
engineeringfail,1
oldmovies,1
coolmoves,1
roomsofwonder,1
soymilk,1
cousins,1
oldtoys,1
greeting,1
whatyouvebeenupto,1
3dlatteart,1
remote,1
thinkaboutlife,1
chipanddalerescuerangers,1
everythingeverywhereallatonce,1
personalsharing,1
panick,1
jackinthebox,1
coloringbook,1
bobbyhollandhanton,1
stuntartist,1
flowerpainting,1
Soundon,1
words,1
friedegg,1
airbrushart,1
airbrushing,1
Pennywise,1
saladcat,1
innerchild,1
coimc,1
overpriced,1
burgerplace,1
christianbale,1
area51,1
stuntdouble,1
suspend,1
wantedlist,1
fugitive,1
ramyun,1
workexperience,1
povcat,1
bobamilktea,1
drevil,1
impulsebuying,1
impostersyndrome,1
manatee,1
hackers,1
truestory,1
marinebiologist,1
vietnamesezodiac,1
employer,1
luigi,1
zodiacanimals,1
dobby,1
gohomeyouredrunk,1
koreanramen,1
lawn,1
goodcat,1
loafcheck,1
sherlockholmesday,1
excessive,1
nailsclipping,1
nailstrimming,1
crazycatlady,1
funeral,1
terror,1
gengar,1
swearwords,1
accidental,1
spare,1
yearafteryear,1
pizzacrime,1
nationalpizzapartyday,1
fightclub,1
inhale,1
Guatap,1
immortal,1
rickroll,1
stevenwithav,1
voguing,1
nevergonnagiveyouup,1
youllgetthroughit,1
mrlonely,1
saving,1
paulrudd,1
ear,1
expectationvsreality,1
charlieswan,1
warmmeal,1
cabbage,1
notmybusiness,1
dreamjob,1
timotheechalamet,1
rickastley,1
icepop,1
shovel,1
storytelling,1
marketing,1
poster,1
nailedit,1
funfacts,1
extroverts,1
dissatisfaction,1
20centuryfox,1
chad,1
zhugeliang,1
cottagecore,1
arrietty,1
findingdory,1
froggycake,1
cakeicing,1
donewithwork,1
2023TGS,1
unstoppable,1
tweet,1
bertholdwoltze,1
reviews,1
pika,1
stupididea,1
flute,1
hotsandwich,1
phillycheesesteak,1
ockyway,1
electricbill,1
packingup,1
worldchampion,1
skippingrope,1
occupied,1
razor,1
squirtle,1
payment,1
thatsapenis,1
orchestra,1
peanutcandy,1
chatgpt,1
maltose,1
schooltrip,1
deadair,1
akihayakawa,1
waterbottle,1
comparison,1
kindregards,1
merchants,1
AshKetchum,1
shirt,1
uppiespweeze,1
openai,1
hacks,1
siberian,1
69gag,1
NewProfilePic,1
NationalPetDay,1
unusalpet,1
solchicks,1
employees,1
coachella,1
hannahmontana,1
harrystyles,1
trap,1
cordyceps,1
animeaesthetic,1
ukiyoe,1
fakelaugh,1
playtoearn,1
venndiagram,1
crazydog,1
floatie,1
recruiters,1
clippy,1
chatting,1
talkover,1
fungus,1
introduction,1
acne,1
pimples,1
degree,1
rings,1
sitmulation,1
cathedral,1
strasbourg,1
monalisa,1
edwardnorton,1
moviedetails,1
pawlice,1
soallofthem,1
britneyspears,1
3dprinter,1
downwarddog,1
born,1
buyingclothes,1
cutebread,1
anniversary,1
guesswhat,1
3dlatte,1
jaw,1
britishguycubersnacc,1
eggsbenedict,1
york,1
bookshop,1
autism,1
fontstyle,1
typography,1
hyperlexia,1
happydog,1
sagradafamilia,1
blendermotion,1
programmer,1
dm,1
website,1
laundrytips,1
marquetry,1
rockclimber,1
woodcraft,1
hikingcat,1
workisshit,1
plantmom,1
jungle,1
planttour,1
dontcare,1
club,1
industry,1
newfriends,1
9gagpets9gag,1
badjokes,1
loveatfirstsight,1
lookatmyballs,1
heat,1
elective,1
pickupline,1
junk,1
ifeelold,1
turnofevents,1
animalpainting,1
memelandexhibition,1
timessquarex9gag,1
kitchenhacks,1
mothman,1
eddiemunson,1
garlicclove,1
malaysia,1
barbir,1
mistake,1
ancientsculpture,1
termsandconditions,1
ryangosling,1
skatertricks,1
tribble,1
2000skids,1
patient,1
lv,1
giving,1
postchristmas,1
WhatTheHealth,1
pyramids,1
Calcifier,1
irritated,1
constipation,1
literature,1
1984,1
sight,1
illuminati,1
Aromatherapy,1
doulmate,1
professorx,1
treesparrow,1
moviemagic,1
bubblemug,1
shortboi,1
mosquitoes,1
bl,1
believe,1
goosebumps,1
9gagbestmemesaward,1
closefriends,1
CES2023,1
ASUSLaunchEvent,1
birthdayparty,1
joekeery,1
boomerang,1
sunscreen,1
colormixing,1
calcifer,1
readinginbed,1
weightlosstransformation,1
meatballs,1
weightloss,1
armadillo,1
pencildrawing,1
M,1
fannypack,1
edm,1
sunblock,1
chocolatebar,1
passwordsharing,1
spinyleafinsect,1
extatosomatiaratum,1
instagramnewfetures,1
upsanddowns,1
seawater,1
lisbon,1
fryingpan,1
darjness,1
byyourside,1
lyingfalt,1
davidguetta,1
firework,1
WhatTheHealthNFT,1
Wellbeing,1
Health,1
clever,1
adorabilis,1
blackpanther,1
itsgonnabemyday,1
sunglasses,1
hadmeinthefirsthalf,1
frenchriveria,1
swordfight,1
detectivepikachu,1
Celebrateliving,1
chikafujiwara,1
kaguyasamaloveiswar,1
trafficsigns,1
Goldendoodle,1
can,1
hybrid,1
audiencereaction,1
nevamasquerade,1
concentriccircles,1
potatopuffer,1
newyearsresolution,1
autocomplete,1
iran,1
garbage,1
hotspring,1
notguilty,1
shrekisloveshrekislife,1
placebo,1
truecrime,1
ig,1
stevebuscemi,1
benedictwong,1
wong,1
poetry,1
endofyear,1
hummingbird,1
movietheater,1
socialtrends,1
planetarian,1
shortpeopleperks,1
wairforit,1
recorder,1
benoitblanc,1
quizzes,1
sleeve,1
animedrawing,1
rapname,1
dailyroutine,1
reindeer,1
manvswild,1
usb,1
FWDHK,1
FWD,1
FWDInsurance,1
doubleit,1
seamonster,1
butterflyvalley,1
genetics,1
litterbox,1
cottagelife,1
flip,1
pogostick,1
lifeadvice,1
grumpysunshine,1
pizzaparty,1
premierepro,1
adobe,1
bonus,1
fanfic,1
jakegyllenhaal,1
eastafrica,1
seychellesisland,1
cooler,1
stroll,1
summerloving,1
wafers,1
teen,1
rate,1
popupcard,1
valorant,1
rank,1
ROGStrix,1
hope,1
StrixSCAR,1
G22CH,1
funfact,1
palette,1
icebreaker,1
lofianime,1
bonn,1
googleads,1
kaomojis,1
customcookies,1
toppings,1
ROG,1
Take10,1
Take100,1
punch,1
batterylife,1
chineserestaurant,1
tasks,1
takeaway,1
dominoeffect,1
secure,1
ketchup,1
cheesemaking,1
lorikeet,1
iconicduo,1
Mozzarella,1
steveharrington,1
comingover,1
shutup,1
ITchapter2,1
joy,1
sculpturepainting,1
haikyu,1
plot,1
take10,1
manslator,1
whathesaysvswhathemeans,1
IGfunction,1
pharmacist,1
humanresources,1
snowdog,1
roganart,1
T,1
saturday,1
adblock,1
hurtful,1
billybutcher,1
unt,1
readagain,1
weirdo,1
exopy,1
strangersthings,1
pickles,1
YakiMochi,1
grilsbelike,1
guys,1
Bluefootedbooby,1
ITmovie,1
marinebird,1
mrfantastic,1
outdoors,1
PokemonGOFest2022,1
GetOutAndGO,1
dislanyland,1
johnnydepp,1
focus,1
jacksparrow,1
lifeplanning,1
wetmarket,1
highboxjump,1
mmidnight,1
thirsty,1
articfox,1
pressure,1
magnetic,1
politedog,1
sumba,1
contradiction,1
rainfrog,1
whatdoesthefoxsay,1
crossroad,1
Ponsuke,1
jensenackles,1
windowdecoration,1
grandfatherclock,1
bushveldrainfrog,1
caviar,1
pastself,1
Tasmania,1
procrastine,1
ravioli,1
meandtheboys,1
badday,1
handwrittenjapanesefont,1
fountainpenink,1
cigarette,1
symbol,1
atsign,1
smoking,1
collageart,1
tunnelbook,1
sadsongs,1
norwegianforestcat,1
siberianhusky,1
ednamode,1
capes,1
soldierboy,1
thorwback,1
paperstraw,1
spine,1
worldtour,1
adventurecats,1
paletteknife,1
ily,1
narcissistic,1
aliens,1
yorforger,1
weak,1
workinghours,1
maxmayfield,1
annualleave,1
90sfashion,1
sillycat,1
cardio,1
fit,1
rainbowcandle,1
Acrylic,1
texturedart,1
confectionery,1
beforeafter,1
uberdriver,1
todayilearned,1
juice,1
monochrome,1
famnilydinner,1
surrealismart,1
horrifying,1
terrifying,1
meditate,1
lovelives,1
2000s,1
Pekingese,1
colorblind,1
disrespectful,1
changes,1
petroleumgas,1
suona,1
damadama,1
Natural,1
Exoskeleton,1
shortpeopleproblems,1
hedi,1
ben10,1
bigcat,1
jams,1
pano,1
hotdog,1
ifitfitsisit,1
Uttarakhand,1
illustion,1
JoharValley,1
organize,1
karensgonewild,1
pinklady,1
alexandragrant,1
manhattan,1
Singapura,1
graphic,1
teens,1
icecutting,1
Croatia,1
heyya,1
Sunnm,1
garage,1
watermirror,1
fryday,1
tomhollander,1
forestchef,1
uptonogood,1
rollinrollin,1
Outkast,1
Crystal,1
Siberianforestcat,1
seaflapflap,1
Stingray,1
flood,1
dobermanpinscher,1
specialneed,1
whiteshepherd,1
doppelg,1
kingslanding,1
introvertvsextrovert,1
poolpawty,1
Stratospherehotel,1
wisdom,1
kedi,1
calzone,1
GarlicKnots,1
overhydrated,1
jumping,1
cateyes,1
LasVegas,1
doctorwho,1
scheepjeswip,1
clam,1
indoorplants,1
Terrarium,1
moist,1
NYC,1
pawture,1
failure,1
ko,1
sa,1
snufflebeanyarn,1
daoifreyr,1
rational,1
micdrop,1
epoxyresin,1
plush,1
copydoge,1
Harmonishark,1
snout,1
rescuerehabrelease,1
marinemammal,1
humanwave,1
animaniacs,1
jellyfish,1
TomFelton,1
mimir,1
coraline,1
doolhouse,1
split,1
notfromresidentevil,1
spinning,1
BTS,1
bollywood,1
singularity,1
pubgmxchallenge,1
Animation,1
pointinggame,1
shadowboxing,1
1995,1
steam,1
leafangel,1
marry,1
BrittanySpaniel,1
whoo,1
Shinto,1
ricepaddy,1
comicconlondon,1
konjac,1
countingsheep,1
eyesonme,1
suitup,1
staffie,1
position,1
ishchallenge,1
JRT,1
shapes,1
PomeranianMix,1
thedevilwearsprada,1
wallrun,1
antarctica,1
livingstonisland,1
gentoopenguin,1
9gaghalloween,1
zuko,1
ToyPoodleMix,1
movieindustry,1
neowisecomet,1
frenchbulldog,1
carbonara,1
fondantcake,1
hongkongfood,1
wait,1
uncleroger,1
relaxing,1
carbonatedwater,1
sitting,1
accompany,1
jaguar,1
nds,1
fingerextensions,1
confuse,1
modernhome,1
realization,1
barnsanctuary,1
disneyprincess,1
6ft,1
cupnoodles,1
southernengland,1
Platypus,1
goldsmith,1
jewelery,1
typical,1
muscle,1
Axolotl,1
hugthetree,1
GuineaPig,1
blueheeler,1
articulatedfingers,1
practicalfx,1
scissorhands,1
blanketdance,1
hand,1
cheeseplate,1
pcmasterrace,1
quartet,1
dirty,1
coffeetable,1
jigsawpuzzle,1
grape,1
sculptedcake,1
foodartist,1
hyperflesh,1
Brainfreeze,1
boopmynose,1
midsommar,1
flowerking,1
toller,1
DannyDeVito,1
recycle,1
alaskanhusky,1
americanshepherd,1
backhug,1
cattoy,1
catteaser,1
turnado,1
letmein,1
eel,1
heights,1
helloitsme,1
birds,1
shycat,1
whitebat,1
catflix,1
gipple,1
magiccircleguruguru,1
Pontresina,1
LakeBlausee,1
fitboard,1
puzzle,1
savings,1
hairbraiding,1
Honduranwhitebat,1
shots,1
moe,1
bingo,1
aircon,1
pallascat,1
Cyclades,1
smartestcatintheworld,1
prettyplease,1
attentionseeker,1
summer2020,1
paperfolding,1
icelolli,1
homersimpson,1
daily,1
coincollector,1
automated,1
babyfat,1
powerpoint,1
wipemyfeet,1
dorset,1
genetic,1
Barcelona,1
yanntiersen,1
imaginedragons,1
cups,1
retriever,1
mummy,1
colorchanging,1
lioness,1
waifu,1
lennyface,1
pawphone,1
believer,1
possessed,1
heattacc,1
squirrelbar,1
runway,1
lockscreen,1
fosterdogs,1
rescuedogs,1
trustfall,1
hairwrap,1
paddingtonbear,1
tupac,1
tupacshakur,1
2pac,1
demon,1
dory,1
macandcheese,1
shakeitoff,1
jamiroquai,1
NapoleonDynamite,1
bluewhale,1
teammate,1
SouthAriAtoll,1
situp,1
rubberstamp,1
Egypt,1
Matruh,1
SiwaOasis,1
migaloo,1
mechanicalart,1
woodart,1
digital,1
kermitthedog,1
ubereats,1
bamboozle,1
middlesplit,1
mothmemes,1
sponsoredbyEA,1
CommandandConquer,1
talkingplush,1
Hedgehog,1
AmericanHedgehogWarrior,1
terrier,1
daikon,1
squish,1
radish,1
turnip,1
uddle,1
instagf,1
giantdoodle,1
mechanical,1
fineman,1
surreal,1
PlayStation5,1
solong,1
bunnyflop,1
hashbrown,1
Prophet,1
ryanreynolds,1
SmudgetheCat,1
womanyellingatacat,1
handshake,1
realityshow,1
brocode,1
tinybus,1
staircase,1
hognosesnake,1
Mikita,1
ranchlife,1
dogrescue,1
marleysmutts,1
mrrobot,1
japanesecuisin,1
discoveries,1
Uzbekistan,1
minidonut,1
redvelvet,1
mussels,1
kitharington,1
purse,1
geography,1
parachute,1
airswim,1
stencilart,1
groomer,1
danceoffbro,1
Varnishdrip,1
NigerianDwarfGoat,1
lordofmussels,1
IKEA,1
bla,1
premium,1
soulstone,1
planter,1
sewingbox,1
doglogic,1
bathingcat,1
spraypaint,1
sid,1
selfdefense,1
jiujitsu,1
opera,1
fluffycloud,1
doodleart,1
slipknot,1
clowns,1
puglife,1
blackouttuesday,1
bestman,1
map,1
nickname,1
vertigo,1
nasa,1
bologna,1
improvise,1
babytalk,1
meowjesty,1
toothnails,1
merylstreep,1
creamcheese,1
Scraperblade,1
smellycat,1
rhythm,1
Cat,1
meowder,1
neverenough,1
lifeform,1
carshearerdance,1
herecomesthesun,1
nextyearmaybe,1
redefinition,1
TibetanMastiff,1
foamroller,1
australiancattledog,1
allergy,1
desifood,1
capoeira,1
dancebattle,1
jacket,1
kebap,1
haniibal,1
craz,1
inclusive,1
takeonme,1
AvoHappyBirthday,1
Avo,1
HeyAvo,1
brids,1
Corgis,1
mattress,1
untitledgoosegame,1
sprinkler,1
morph,1
nevertooweird,1
owlkktty,1
walterwhite,1
antem,1
hardtimes,1
essentialworker,1
siamese,1
ted,1
mundelenabisso,1
biriyani,1
saitama,1
rainforest,1
tickling,1
penismuseum,1
ubisoft,1
arnie,1
GiyuuTomioka,1
walkie,1
NSDTR,1
Toller,1
NovaScotiaDuckTollingRetriever,1
animefilter,1
assassinscreed,1
omegle,1
publicspeaking,1
dobbyisafreeelf,1
wreath,1
bathing,1
babyduck,1
happyhour,1
Beignets,1
fantailpigeon,1
grandmaisthebest,1
webcomics,1
canecorso,1
limbani,1
chimpanzee,1
Resinart,1
deepsea,1
thalassophobia,1
blackequestrian,1
toucan,1
GoldenRetrieverMix,1
pastaextruder,1
googletrend,1
spillthetea,1
animorphs,1
challah,1
90skid,1
sylvanianfamilies,1
adrenaline,1
mug,1
christmasiscoming,1
Alien,1
invasion,1
brienz,1
tremble,1
carbsarelife,1
ladyandthetramp,1
local,1
songcover,1
pencilsculpture,1
pastel,1
workworkwork,1
Sheepadoodle,1
popculture,1
schoollife,1
yokai,1
popupbook,1
royalpandafortune,1
RoyalPandaFortune,1
twin,1
reflections,1
Twin,1
rope,1
onehastogo,1
perfectcompanionforyourmac,1
shirts,1
tambourine,1
ColorYourStory,1
deezee,1
traditions,1
kimonofashion,1
Kimono,1
nara,1
bilalg,1
groove,1
glitch,1
promise,1
gameplay,1
motion,1
president,1
panaround,1
LGMonitor,1
Creativity,1
kilgrave,1
jessicajones,1
agile,1
hongkongprotest,1
stuffie,1
thedevilallthetime,1
chaos,1
whatsinyourhead,1
caution,1
littlermermaid,1
yea,1
watersport,1
waterskii,1
delusions,1
soundeffects,1
jojomemes,1
trombone,1
alaska,1
rollercoasters,1
park,1
Samurai,1
pawsonaltrainer,1
bodyparts,1
buttercup,1
Memoriesoftomami,1
LGUltraGear,1
mitsuha,1
cliff,1
Australia,1
TheNetherlands,1
rerorerorero,1
lavacastella,1
eggwaffle,1
pineapplebun,1
eggtart,1
hkfood,1
group,1
exist,1
houseplant,1
innerpeace,1
chanting,1
lachancla,1
hispanic,1
MichaelMyers,1
summon,1
tiana,1
malamutes,1
animalrestaurant,1
ligntning,1
slitscan,1
aftereffects,1
Friend,1
Seal,1
babygirl,1
royaldanskcookies,1
sewingkit,1
muggle,1
thunder,1
abyssiniancat,1
Rave,1
9gagHalloween,1
nina,1
spoonerism,1
magicword,1
pitbulls,1
teacups,1
Ocean,1
spacetime,1
jason,1
deathnote,1
ropeborder,1
bobross,1
Miyazaki,1
Newfie,1
theumbrellaacademy,1
isphere,1
futuristic,1
surrealart,1
audi,1
SiberianHusky,1
tapdance,1
Nap,1
Surprise,1
Watersport,1
happylittletrees,1
videomeeting,1
filthyfrank,1
Bulk,1
tapiocapearls,1
Sail,1
spoiled,1
spinningart,1
punpots,1
sugarsheet,1
SelkirkRex,1
fren,1
kite,1
insync,1
dolomites,1
houdinifx,1
lastcookie,1
partnerincrime,1
softboiled,1
beef,1
happyfeet,1
crystalclear,1
Continentalgiantrabbit,1
koi,1
smolcat,1
mcgonagall,1
goldie,1
mimic,1
stealyoman,1
nameless,1
blacksquirrel,1
tinabelcher,1
Cats,1
medusa,1
homeremedies,1
ballpenart,1
suggle,1
germanpointer,1
mameshiba,1
pixarlamp,1
englishbulldog,1
honkhonk,1
catsmovie,1
usagi,1
chonkycat,1
greenturtle,1
bsb,1
cheezit,1
tenga,1
kira,1
captain,1
wicked,1
hocuspocus,1
earwax,1
closeup,1
jungkook,1
Britney,1
Toxic,1
achillesheel,1
ew,1
newfie,1
Reflex,1
missenell,1
artinprogress,1
sculptureart,1
dreamy,1
paleontology,1
BerneseMountainDogMix,1
paintings,1
california,1
aegeansea,1
razorcart,1
leaf,1
uselessmachine,1
ewok,1
firefox,1
fallinginlove,1
viola,1
Violin,1
stephenchow,1
lionroar,1
dancedancerevolution,1
momshumor,1
karting,1
walkman,1
hunterxhunter,1
carseat,1
carcleaning,1
safetyshake,1
RussianWolfhound,1
Borzoi,1
trafficreport,1
sneak,1
tabbymunchkin,1
buncho,1
tough,1
reylo,1
soaphockey,1
clapyourhands,1
narutorun,1
pixelart,1
maskup,1
camo,1
hbd,1
clapyourhandschallenge,1
javasparrow,1
thejoyofpainting,1
bennyfamily,1
lovesong,1
catpiss,1
fallingwithstyle,1
snape,1
chadwickboseman,1
9gagMeet,1
unemployed,1
babypig,1
plate,1
happypoo,1
mold,1
Masterskaya,1
NikonD70s,1
helium,1
blindfollow,1
lettuce,1
mammalogist,1
americanpsycho,1
needlework,1
miniatureembroidery,1
usetheforce,1
rollergirl,1
roar,1
WFH,1
boardingpass,1
Yorkie,1
YorkshireTerrier,1
worldmap,1
carwashing,1
blacknosesheep,1
yellowlab,1
smj,1
ArnoldSchwarzenegger,1
golf,1
technician,1
quentintarantino,1
rookienumbers,1
sexeducation,1
aquascape,1
sunshine,1
staticcling,1
busted,1
williamshakespeare,1
spitzpoo,1
gymnastic,1
figlidibianca,1
lord,1
lifemotto,1
WonderWoman1984,1
readyornot,1
cinematography,1
WonderWoman,1
kidult,1
nowyouknow,1
ampersand,1
marker,1
kobebryant,1
cyberscooter,1
raine,1
skyrim,1
cybertruck,1
yoursong,1
username,1
Kaonashi,1
pirate,1
catdaddy,1
abominable,1
India,1
eggbun,1
wheelie,1
renovation,1
looktwice,1
chirp,1
aging,1
MadsMikkelsen,1
DisplateYourself,1
CollectYourPassions,1
wonderwoman,1
Budapest,1
cairnterrier,1
dingo,1
alwayscheckttwice,1
lipstick,1
linkedinfacebookinstagramtinder,1
googlehomemini,1
humantorch,1
DeathStranding,1
lasagna,1
jabbathehutt,1
GoldenRetrievers,1
downstairs,1
staples,1
engineeredart,1
letshaveatalk,1
metro,1
farm,1
pooltrick,1
interestingproduct,1
4,1
stuffeddoll,1
secretfolder,1
gandalf,1
thinkingaboutife,1
topiary,1
chrispratt,1
bubblebath,1
Iceland,1
JapaneseWhiteeye,1
beesting,1
rawrun,1
younetflix,1
abs,1
decisionmaking,1
winnerwinnerluckytogether,1
pubgmspringfest,1
flamingoesoverload,1
Paris,1
kylo,1
blackwidow,1
howlongcanyoulast,1
HenryCat,1
shimmy,1
BillSkarsg,1
SteveBuscemi,1
BillieEilish,1
mystery,1
iceicebaby,1
jimhopper,1
chief,1
Hawaii,1
Kaneohe,1
goodluck,1
redguardian,1
baguette,1
taekwondo,1
highkick,1
doppelganger,1
kebab,1
platypus,1
007,1
rage,1
hmongdog,1
loveisintheair,1
shh,1
guest,1
iwasright,1
babytortoise,1
touch,1
galapagostortoise,1
puddle,1
dumbo,1
Philippines,1
morningmood,1
cantinaband,1
lioinking,1
legday,1
sheet,1
walkietalkie,1
doorframe,1
lookalike,1
mondayvibes,1
guiltynotguilty,1
highbun,1
breakfasttea,1
teaparty,1
catfigure,1
coronav,1
arm,1
hairdryer,1
dancemonkey,1
bestieawards,1
whiteakita,1
hairstylist,1
selfintro,1
chorewheel,1
oscarisaac,1
pleasetranslate,1
flameworking,1
ritglass,1
bond25,1
cockerSpaniel,1
marisatomei,1
Tulum,1
Mexico,1
flirtory,1
belle,1
lisasimpson,1
chaoticevil,1
findingwaldo,1
feet,1
knees,1
dogsbeingbros,1
peek,1
chakra,1
waterskier,1
bonquet,1
doodlessingleguide,1
destiny,1
sexydice,1
coffeereading,1
stuforeo,1
watchandlearn,1
stripedeelcatfish,1
steveirwin,1
idontwannago,1
thief,1
readingspots,1
christmasdog,1
Chiweenie,1
thankyounext,1
searchresult,1
storyoflife,1
sculptures,1
sled,1
predict,1
disneyplus,1
stop,1
Page8,1
whackamole,1
black,1
olaf,1
maternity,1
rusty,1
Puppeteer,1
familygame,1
geraltofrivia,1
huntsmanspider,1
friendzoned,1
gargoyle,1
miniaturephotography,1
oilcanvas,1
textureart,1
gibbon,1
high,1
keto,1
snowwhite,1
patterns,1
smartboi,1
fruitloops,1
chowyunfat,1
burnmoney,1
tongue,1
koreandad,1
triplets,1
singlelifeproblems,1
lickpicking,1
chug,1
friendzone,1
streetfighter,1
hotchocolate,1
babygroot,1
reboot,1
theirishman,1
christmascard,1
nakedcomedian,1
antlers,1
Bernesemountaindog,1
dinnerparty,1
SeaLion,1
gummies,1
monsterseayam,1
gamingchair,1
OnlyinBattlefield,1
Ad,1
deepfake,1
christmascarol,1
alliwantforchristmas,1
xmasnails,1
sandwiches,1
margarita,1
remake,1
odds,1
ganeofthrones,1
penmanship,1
OrnamentalFrame,1
Ornament,1
decorativelettering,1
hohoho,1
businesscard,1
purr,1
chaco,1
ribbon,1
March,1
weliveinasociety,1
stretching,1
pressureblanket,1
Norway,1
scrunchie,1
intotheunknown,1
deardiary,1
late20s,1
stone,1
ricecake,1
shoplifting,1
dontcareanymore,1
quakerparrot,1
makeupwipe,1
overwhelmed,1
teslatricks,1
friedchicken,1
eyelash,1
hyperrealisticcakes,1
meninblack,1
grinch,1
crafting,1
barriergridanimation,1
dachsteingletscher,1
adventures,1
mrstealyourgirl,1
architect,1
don,1
teddy,1
catslogic,1
roomie,1
kyloren,1
meowsterpiece,1
balanced,1
overpowered,1
CarWashing,1
talentedboi,1
backseat,1
toobright,1
fatcat,1
icebath,1
judgy,1
professorsnape,1
sunflowerseeds,1
dna,1
goledenretriever,1
macarons,1
hopping,1
keeshond,1
imwatchingyou,1
umbrella,1
gymfail,1
linguistics,1
britishblue,1
taptapfish,1
thesims,1
mathquestion,1
Cockatiel,1
goodestboi,1
chameleon,1
eu,1
helper,1
netflixandchill,1
aaron,1
gmail,1
boogeyman,1
crappydesign,1
opals,1
JimMcKenzie,1
FriendsWithDeath,1
stupidsigns,1
gluesealstamp,1
abyssriumpole,1
arctic,1
jonsnow,1
babymonkey,1
christmasphoto,1
goldenretriver,1
studybreak,1
recharge,1
flipflop,1
furbaby,1
neck,1
hades,1
wolfchildren,1
haircuts,1
beanie,1
Neuschwanstein,1
scoop,1
thicc,1
chonky,1
sunflowerseed,1
jayjay,1
threedimensional,1
europeanotter,1
waterdrop,1
poisondartfrogs,1
adopt,1
banff,1
malfunction,1
eggs,1
bowtie,1
stayinghome,1
robotdance,1
9gaggirly,1
catslife,1
specialbond,1
feedme,1
graphics,1
feeder,1
perch,1
forwardroll,1
destination,1
hungergame,1
adventuretime,1
Morainelake,1
thematrix,1
chowchowgoldenmix,1
babycattle,1
fluffyou,1
breathtakingview,1
SiblingsDay,1
nightperson,1
climbershigh,1
horsingaround,1
santacruzbikes,1
furbabies,1
islandbiking,1
duckie,1
aussiecollie,1
planet,1
earthchan,1
dinnerpartydad,1
cursedimage,1
cupcake,1
IBIKISONGS,1
shepherd,1
NationalFerretDay,1
stophoarding,1
octopussy,1
pins,1
headscratch,1
clementine,1
millenial,1
accomplishment,1
handsfree,1
lonelyman,1
pockykiss,1
enamelpins,1
pinslab,1
harbourseal,1
mobilegamead,1
counterstrike,1
csgo,1
babyseal,1
lifevestconcert,1
protest,1
tombraider,1
matches,1
sanctuary,1
denver,1
selfdeprecatinghumor,1
TheUnbeatableGame,1
KaoriMiyazono,1
yourlieinapril,1
bythesea,1
farter,1
aprilsfool,1
Gurenge,1
meowster,1
americanbully,1
freehugs,1
Brei,1
ballerina,1
dilatingeyes,1
ferrets,1
backgroundcharacter,1
skyrun,1
tinyhands,1
meowdy,1
Pangolin,1
FF7R,1
Netflix,1
dontbeselfish,1
rossgeller,1
quaratinelife,1
mortican,1
deathcare,1
sunrise,1
alpacas,1
nuggets,1
instagramstories,1
asus,1
lazyfetch,1
rebel,1
kakegurui,1
racing,1
postoffice,1
dailypets,1
mailman,1
iceskating,1
fog,1
howtodad,1
shampoo,1
worldpenguinday,1
traildog,1
NationalSuperheroDay,1
ironoxide,1
hormuz,1
tibetanmastiff,1
familyfun,1
pitbulllove,1
birdbox,1
blindfold,1
groupprojects,1
CampusUniversCascades,1
sleeppattern,1
CUCchallenge,1
wipers,1
tulips,1
peeling,1
astronomia,1
ghanadance,1
disneyprincesses,1
holdmetight,1
freehand,1
fence,1
koreantattoo,1
putsomefoodinit,1
babyhorse,1
milkboy,1
babyrhino,1
rhino,1
fishy,1
Sportscaster,1
narrator,1
bassethound,1
dalmatian,1
bark,1
mechanicalengineering,1
rubegoldberg,1
liquidcat,1
bounce,1
driver,1
staystrong,1
hypeman,1
shootingstars,1
gimme,1
acnh,1
penguins,1
trixterboi,1
dogtalks,1
uvtattoo,1
diymask,1
karma,1
phonecharger,1
sexycat,1
Arcticmode,1
brushing,1
niceboat,1
rockclimbing,1
schooldays,1
zipuphoodie,1
wasp,1
norwegiansalmon,1
rosefinch,1
platter,1
frontcamera,1
pubgm2gether,1
ps1,1
slowlife,1
treefrog,1
aussieshep,1
psa,1
silly,1
spaceout,1
nowwhat,1
corner,1
purple,1
jakethedog,1
feeding,1
leafcutterbee,1
frenzy,1
biology,1
Rottweiler,1
rott,1
iceskate,1
TheIncredibles,1
frozone,1
LakeLouise,1
babysit,1
predictivetext,1
ribeye,1
streamer,1
Quirrell,1
medellin,1
answers,1
firststep,1
infinitymirror,1
tissuebox,1
newzealand,1
Aoraki,1
DaveGrohl,1
getloosechallenge,1
missedcalls,1
purrfect,1
syrup,1
mansbestfriend,1
backtothefuture,1
hiding,1
cancelplan,1
ronclarkacademy,1
ube,1
diehard,1
bambi,1
3s,1
buddytheelf,1
bearlake,1
vancouver,1
visualarts,1
itachiuchiha,1
germs,1
noprivacy,1
academic,1
whom,1
honey,1
tappyfeet,1
handtricks,1
drrobotnik,1
goalkeeper,1
pinkrobin,1
irishman,1
martinscorsese,1
babyswing,1
moviesceneinreallife,1
tableclothtrick,1
helen,1
thick,1
fawn,1
babyowl,1
barnowl,1
canadians,1
coldexposure,1
shield,1
NationalPigDay,1
prankbox,1
tippytappy,1
electricitybill,1
glider,1
sneeze,1
sirloin,1
ramdon,1
kind,1
iloveyou3000,1
saints,1
grillporn,1
cannibalism,1
stayhealthy,1
vizsla,1
shortlegs,1
whereswally,1
whereswaldo,1
connect4,1
payattentiontome,1
Bidet,1
donottouch,1
panicbuying,1
facewash,1
austrailianshepherd,1
cleanser,1
foaming,1
castingspell,1
empawyee,1
cancel2020,1
snowday,1
geeky,1
blackfriday,1
videoediting,1
parade,1
junkfood,1
homeworkout,1
tesla,1
shakeyourbody,1
shorthandsproblem,1
waterwall,1
huskamute,1
smashbros,1
yourebreathtaking,1
fails,1
leprechaun,1
virtualparade,1
Wagashi,1
montypython,1
homesweethome,1
jerry,1
villian,1
anpanman,1
StPatricksDay2020,1
RTEVirtualParade,1
stillwaiting,1
buddies,1
washhands,1
drowninlove,1
duo,1
Cardistry,1
minifood,1
MarioBros,1
Marioday,1
touristpic,1
blockbuster,1
helpmehooman,1
beatrice,1
aruba,1
wig,1
mamamoo,1
fluidart,1
wood,1
9gaga,1
copycat,1
thanosdidnothingwrong,1
marble,1
johnnycash,1
Britishlonghair,1
voiceoverartist,1
jackrussellmix,1
creditcard,1
prettyeyes,1
donttouch,1
tide,1
eggchallenge,1
fortunecookie,1
therapydog,1
quickreflexes,1
strongwomen,1
catswithjobs,1
debug,1
whereishooman,1
goldretriever,1
Japanesegarden,1
EnglishBulldog,1
gumgum,1
hedgie,1
thesis,1
27MD5KL,1
letters,1
butter,1
Lichtenberg,1
insulting,1
alchemystarsaurorablast,1
alchemystars,1
pride,1
thriftshop,1
thrift,1
cracker,1
cornoncob,1
invisible,1
padme,1
muichiroutokitou,1
geodeart,1
healingstones,1
witch,1
FootballLife,1
summersoccer,1
tiftinggun,1
footballlife,1
candyman,1
fakewindow,1
pilates,1
beverage,1
RottnestIsland,1
comeoneladies,1
onepoundfish,1
cruella,1
graphiceyeline,1
dieting,1
grilledpork,1
bassdrop,1
pulledcandy,1
shampoobottles,1
gsd,1
doga,1
dancers,1
PRIDE,1
candycane,1
pillowdrops,1
ribbonbows,1
softserve,1
bluetegu,1
vegetables,1
scottish,1
gintama,1
glassware,1
handblownglass,1
freezer,1
Zoom,1
cherryblossoms,1
wonderwall,1
glascow,1
casabatllo,1
true,1
panik,1
kookaburra,1
goodmorning,1
iwanttobeacat,1
voteoff,1
howthingswork,1
taro,1
jasminetea,1
retrieving,1
wellplayed,1
lovely,1
uenozoo,1
ronda,1
handcraftgames,1
shotladder,1
drinkinggame,1
hoop,1
christopherlee,1
nightshirt,1
coffeemachine,1
pallasscat,1
hotchchocolate,1
manul,1
yesfilter,1
mustache,1
emptybowl,1
astigmatism,1
mewithoutglasses,1
pigeons,1
satifying,1
Formula1,1
turkishhammam,1
turkishbath,1
unlucky,1
allergic,1
rash,1
chopin,1
baroque,1
classicalmusic,1
navel,1
bellybutton,1
heatwave,1
luck,1
BlueDanube,1
metmein,1
highenergy,1
Sighthound,1
borzoi,1
Longtailedtit,1
AdoptDontShop,1
trapped,1
caracal,1
breakout,1
analogy,1
relaxingtime,1
hike,1
newmoonrescue,1
taylorswift,1
spinnermation,1
ragequitprotector,1
backpackdog,1
openup,1
NationalCoffeeDay,1
cloudsea,1
internationalkissingday,1
ghana,1
shave,1
leftover,1
cocker,1
twightlight,1
spaniel,1
jetski,1
sleepovers,1
blankets,1
badhabits,1
mobileorder,1
edsheeran,1
goldenratio,1
artprocess,1
arttherapy,1
waves,1
bestjeanist,1
jeans,1
Overthinker,1
fmab,1
billieeilish,1
squirdward,1
teenagedream,1
expandbrain,1
Quokka,1
wigglewiggle,1
munchkincat,1
loveislove,1
colorful,1
Pride,1
toys,1
artaesthetic,1
cravings,1
william,1
blackeyedpeas,1
FootBallLife,1
technique,1
Soccer,1
Retinoblastoma,1
cancersurvivor,1
eyecancer,1
mate,1
sniff,1
stuffynose,1
benedicteggs,1
chosenone,1
9ga,1
blower,1
pull,1
tableclothpull,1
blackexperience,1
diversity,1
staffordshirebullterrier,1
dinning,1
solution,1
foodboard,1
windy,1
90stelevision,1
musicians,1
instruments,1
thesimpsons,1
straightenyourback,1
posture,1
potatoes,1
cheeso,1
belt,1
deutsch,1
nottinghill,1
curlyhair,1
Natsilane,1
killerwhale,1
kineticsculpture,1
milketea,1
proof,1
talkingcats,1
takecare,1
NationalRescueDogDay,1
stonk,1
residentevil,1
markhamill,1
needy,1
tetraplegic,1
spinalcordinjury,1
wheelchair,1
cloth,1
modeltrain,1
iphone11,1
snl,1
commando,1
musicproducer,1
catsong,1
pear,1
corgberus,1
alonetime,1
britishhumor,1
ciabatta,1
pretzel,1
simcard,1
butt,1
radio,1
DIYtoy,1
toddleractivities,1
babyactivities,1
efficacy,1
greenscreen,1
bladerunner,1
fasting,1
judgmental,1
icecoldbeer,1
breadmachine,1
arcademachine,1
fasteastpinball,1
NetherlandsDwarf,1
dwarfbunny,1
spidermeow,1
dogezilla,1
cantstopwontstop,1
spreadlove,1
sensoryplay,1
sakecup,1
spoon,1
starwarsday,1
snail,1
mysterysnail,1
repaint,1
decoratedcookies,1
grapes,1
hoyabella,1
covid,1
speedyboi,1
pompompurin,1
celebralpalsy,1
birch,1
veritas,1
chisel,1
vocal,1
Maythe4th,1
StarWarsDay,1
Reface,1
BarkedRescueDog,1
RescueDogDay,1
famouspaintings,1
cutiepie,1
friendsreunion,1
pong,1
beerpong,1
trialanderror,1
selftalk,1
holup,1
finance,1
fosterkittens,1
underwaterphotography,1
rideordie,1
catfur,1
mirrorcups,1
indigenous,1
pukana,1
maori,1
haka,1
thursday,1
mullet,1
mattleblanc,1
slang,1
lamb,1
flowarts,1
cathat,1
seatsaver,1
newspeak,1
crisp,1
ocmics,1
facpaint,1
killbill,1
fireperformer,1
ropedart,1
childhoodhabits,1
minifurniture,1
tax,1
phoebe,1
monica,1
chandler,1
rachel,1
ross,1
themesong,1
normal,1
firefighter,1
reverseart,1
dude,1
furball,1
multilingual,1
teamwork,1
safehouse,1
spymovie,1
hippo,1
mathproblem,1
toyphotography,1
collegerejection,1
ultraman,1
mtfuji,1
upstairsneighbor,1
letmeloveyou,1
honest,1
ladydimitrescu,1
residentevilvillage,1
puppyclass,1
shearing,1
Prom2021,1
tipping,1
CollegiateShag,1
branstark,1
youcandoit,1
takitslow,1
wasted,1
bluechowchow,1
Pitbull,1
golddigger,1
japanesesable,1
Geometric,1
portraitphotography,1
meandyou,1
everythingisacake,1
touching,1
scarry,1
mealtime,1
salestax,1
dogmom,1
housekeeping,1
mileycyrus,1
commercial,1
darkcircles,1
starwar,1
housechores,1
notthefavoritechild,1
detectiveconan,1
responsibilities,1
c3po,1
r2d2,1
farewell,1
luke,1
Vader,1
8fact,1
Galaxy,1
dogschool,1
1999,1
celpainting,1
ac,1
sweat,1
centralasia,1
uzbekistan,1
seeotter,1
girlfriends,1
neuschwanstein,1
citylandscape,1
nationalbeerloversday,1
luckybag,1
handsoap,1
mylifeisalie,1
gsp,1
ray,1
filters,1
fourhorsemen,1
glassdippenart,1
boy,1
hongkongcinema,1
ironwirefist,1
peasants,1
servants,1
phenomenon,1
auroraborealis,1
revisionnotes,1
bulletjournal,1
screensaver,1
rewatch,1
dizzy,1
Simpson,1
livinginthefuture,1
mirrorgirl,1
MondayMood,1
abyss,1
homedecor,1
goldleaf,1
sadbuttrue,1
joing,1
pro,1
invisiblewall,1
Loveyourbrows,1
benefitcosmeticshongkong,1
tooth,1
peasant,1
milos,1
collegedorm,1
puipuimolcar,1
mime,1
thinksmart,1
wateroark,1
heartslabyul,1
goofy,1
twistedwonderland,1
MyGiantNerdBoyfriend,1
peaking,1
streets,1
memetheLGgram,1
sidermannowayhome,1
vibrato,1
popsong,1
heelydance,1
waterslide,1
choco,1
chesthair,1
stagename,1
miniaturefigures,1
ohno,1
lalaland,1
icant,1
Ketchup,1
problematic,1
sugarcookieicing,1
artisansoap,1
grandkid,1
ibook,1
macbook,1
googledoc,1
tornadoomurice,1
iphone13,1
socialstamina,1
pub,1
Flintstone,1
hotsauce,1
Doors,1
knead,1
spellingbee,1
Richardsonsgroundsquirrel,1
howitworks,1
shorts,1
waterdroplets,1
Kazakhenvironment,1
master,1
gatekeepers,1
latenighttalks,1
coldpresssoap,1
swear,1
violetevergarden,1
asilentvoice,1
voiceactor,1
ghiblistudio,1
haikyuu,1
airbud,1
bubblewrap,1
genie,1
bordiecollie,1
gold,1
groundsquirrel,1
pencilsharpener,1
Majesty,1
mooncake,1
midautumnfestival,1
pastrychef,1
modelingchocolate,1
cakesculpture,1
flexing,1
foodislife,1
shopaholic,1
lightson,1
softie,1
bioluminescentalgae,1
simp,1
personalattack,1
slav,1
qna,1
crystalcityunderground,1
claustrophobia,1
Missouri,1
simuliu,1
kayaking,1
underground,1
ballpit,1
mufasa,1
calculatorhistory,1
hype,1
qrcode,1
soapmaking,1
cardcaptorsakura,1
MagicalDoremi,1
14yearold,1
tee,1
stockphoto,1
metgala,1
asianmom,1
kelp,1
magical,1
granolabar,1
street,1
bother,1
feed,1
chiffoncake,1
peanutbutterandjelly,1
restoration,1
notanotherteenmovie,1
afternoonnap,1
onlinemeeting,1
Warning,1
Fun,1
Olympics,1
healthyfood,1
scultpure,1
slowcraft,1
ocarina,1
weinerdog,1
foodstall,1
midnightdiner,1
yakitori,1
chancla,1
yeet,1
floralfix,1
superpowers,1
getoverit,1
heartbroken,1
homeworkfile,1
animeop,1
animefight,1
seiyu,1
japanglish,1
MemeMuseum,1
RSVP,1
freckledzelda,1
GorgeousGrandmaDay,1
genshinimpact,1
anatomy,1
burglar,1
lesserhedgehogtenrec,1
lesserhedgehog,1
sandbath,1
tenrec,1
bonjour,1
csection,1
surgeon,1
playdough,1
pushup,1
cleanslate,1
unsee,1
smirk,1
fika,1
semlor,1
singleneedletattoo,1
catwoman,1
dollarstore,1
irishdance,1
specialneedcat,1
satorugojo,1
nationalfrenchfryday,1
svalbard,1
germanwheel,1
onlineschool,1
onlinelesson,1
impostor,1
teacherlife,1
flowercat,1
euro2021,1
medical,1
foodgasm,1
helmet,1
braininjury,1
heterochromia,1
NationalDifferentColoredEyesDay,1
tattooartist,1
PrinceofEgypt,1
igstories,1
bubbleblower,1
northpole,1
sanitizer,1
grade,1
judgement,1
delicious,1
foodplatters,1
dogpark,1
goldenretrievers,1
getripped,1
gloriouspurpose,1
nevergiveup,1
goingout,1
dontbesuspicious,1
lazyafternoon,1
soviet,1
sup,1
jake,1
pencil,1
hazardlights,1
InMemeWeLove,1
gyoza,1
catthief,1
stockholm,1
intersectionprettyboy,1
talentedmusicians,1
rainyday,1
nopetp,1
lumpfish,1
DorrisMcComics,1
sunnydoll,1
blindfolded,1
dice,1
biker,1
boxfish,1
skeletor,1
gordanramsy,1
coolboi,1
close,1
pianoman,1
billyjoel,1
rockandroll,1
goldmedal,1
secretrecipe,1
heman,1
amethyst,1
pacman,1
amusementpark,1
tattoocoverup,1
notfatjustfluff,1
9gaghomeholympics,1
athletes,1
adluthood,1
burnesemountaindog,1
proton,1
cv,1
eldery,1
lakebled,1
millenials,1
whitecorgi,1
mantou,1
steamedbun,1
smells,1
highlight,1
stories,1
basic,1
clumsypup,1
fcb,1
bodyart,1
era,1
SpaceJam,1
onigiri,1
phoenixwright,1
aceattorney,1
logic,1
posts,1
uniform,1
Wolfdog,1
wateractivities,1
mdcommunity,1
scotland,1
internationalfriendshipday,1
ageing,1
moodoftheday,1
piplup,1
textile,1
rufting,1
pronounciation,1
vaccination,1
bus,1
notanymore,1
lakegeneva,1
skimboard,1
sleeproutine,1
eczema,1
jumpingcat,1
videoeffects,1
lifechanging,1
TEDtalk,1
khaen,1
laos,1
chuckbass,1
Heaven,1
withyou,1
clingydog,1
audio,1
speechify,1
hodor,1
mailboatjumpers,1
ramadan2021,1
titmouse,1
diditwork,1
kellerandsullivan,1
coule,1
groom,1
bride,1
petsalon,1
ceo,1
fpv,1
droneshots,1
noeyesnoproblem,1
helenkeller,1
catlove,1
blindcatsrock,1
bengal,1
trickery,1
imaginefor1minute,1
galah,1
smash,1
crazyfrog,1
sunglass,1
noinstrument,1
akira,1
hazelnut,1
permefrost,1
bullmastiff,1
mysticcreatures,1
movieset,1
babychinchilla,1
podcast,1
cpr,1
germamshepherd,1
bared,1
freezing,1
steverogers,1
yakutsk,1
selfiecat,1
logo,1
feast,1
peanuts,1
glowing,1
braiding,1
boxbraids,1
videotips,1
t800,1
ninjacat,1
3000,1
Pancake,1
Matcha,1
Souffle,1
stenotype,1
courtreporter,1
stenography,1
russiandoll,1
calm,1
rockpaperscissors,1
latterart,1
cakeartist,1
wirelessmouse,1
vienna,1
sleepin,1
Weekend,1
ps4,1
Ewwwww,1
boundaries,1
phonerepair,1
groupphoto,1
collegelife,1
katara,1
NinjaWarrior,1
tameshigiri,1
stickhandling,1
howitsdone,1
blueberries,1
midterm,1
kyojurorengoku,1
meeverymorning,1
waterbending,1
dogtalk,1
thehorror,1
adapters,1
itchapter2,1
straw,1
mandolorian,1
misosoup,1
spicegirls,1
clapback,1
feathers,1
verified,1
turingtest,1
guitarshred,1
cavoodle,1
shihpoo,1
Ukrainianfolk,1
sheepdog,1
potatocake,1
patzzi,1
Anaconda,1
guitarist,1
grwm,1
glazier,1
wwe,1
spinach,1
Sloth,1
yoshihiko,1
hitwoman,1
thermal,1
snowbuilding,1
bernie,1
breakingglass,1
Soapcubes,1
Sometsuke,1
rasputin,1
captainholt,1
shortfriend,1
weig,1
facepalm,1
fever,1
zzz,1
corsetvest,1
android,1
puppeteer,1
iruntoyou,1
hollandhop,1
youtoo,1
robinhood,1
sloweater,1
moms,1
jumpy,1
wordart,1
isthisapersonalattackorsomething,1
icecrack,1
lakebaikal,1
iwilldoitmyself,1
albino,1
ohhithere,1
audition,1
extremesport,1
intense,1
projectrunway,1
laboratory,1
Sushi,1
dangernoodle,1
Superconda,1
digitalrealm,1
hognose,1
yarn,1
scottishkilt,1
hello2021,1
bye2020,1
underglaze,1
seto,1
dami,1
shows,1
marathon,1
palpatine,1
jakubwejher,1
ipadart,1
contrast,1
cylindricalmotif,1
Kintaro,1
Pedicure,1
mushrooms,1
teefies,1
poker,1
cards,1
chihuahuas,1
President,1
US,1
garlicknot,1
dammit,1
playtime,1
kanji,1
elkhound,1
Pov,1
filmcamera,1
pentax,1
missyelliot,1
papersculpture,1
pibble,1
live,1
keyholder,1
slideintomydms,1
summertime,1
Joke,1
merlinragdoll,1
pants,1
midst,1
taiwanesefood,1
Taiwanstreetfood,1
NewYork,1
snowy,1
compass,1
woah,1
almond,1
capabara,1
minimalist,1
posh,1
dino,1
diyfashion,1
goldenreciever,1
thanksgiving2020,1
chocolatier,1
diegomaradona,1
comiccon,1
levelup,1
mrsandman,1
pediatrician,1
bellecosplay,1
shortlegproblem,1
beautyandthebeast,1
galapagosislands,1
lavalizard,1
thisistheway,1
18thcenturyfashion,1
hufflepuff,1
soak,1
tapping,1
exorcist,1
outofthisworld,1
ringbearer,1
ricecooker,1
winteriscoming,1
tension,1
horrorgame,1
spotrobot,1
bostondynamics,1
wallaby,1
peanutbutter,1
spread,1
ChowChow,1
Beatdrop,1
doctordolittle,1
Germany,1
USA,1
Japan,1
risk,1
rdj,1
plumber,1
billgates,1
calgary,1
knockknock,1
petspa,1
doctorfate,1
statueofliberty,1
dancecover,1
once,1
neonlights,1
nikon,1
doginaction,1
interactive,1
goodboy,1
listening,1
ObstacleCourse,1
Parkour,1
FloorIsLava,1
Timelapes,1
nub,1
3Dprinting,1
cosplayhelmet,1
amputeelife,1
nursing,1
moomoo,1
goblin,1
noseexhale,1
contour,1
caking,1
bottlefeed,1
contruction,1
installation,1
tiling,1
sandpaper,1
mirrorfinish,1
SpaceX,1
loading,1
pill,1
kayak,1
holidaygifts,1
angel,1
christmasornaments,1
zombies,1
Australianshepherd,1
nighttimeroutine,1
christmaself,1
photographer,1
alantapride,1
Mindblowing,1
Meringue,1
oppa,1
wild,1
bouquets,1
hellyear,1
whatayear,1
catexplorer,1
siberiancat,1
romania,1
airtreat,1
hulahoop,1
improvement,1
hallgrimskirkja,1
tailor,1
gown,1
dramaticdog,1
impatient,1
dogactor,1
pajamajam,1
oralhealth,1
plague,1
flips,1
mancave,1
asl,1
scene,1
slowandsteady,1
goth,1
signlanguage,1
adventurous,1
cliffjumping,1
chlossNeuschwanstein,1
tartar,1
davidprowse,1
daveprowse,1
dimsum,1
oddball,1
acrylics,1
Procreate,1
farmerlife,1
grasspuppy,1
hideout,1
coincidence,1
takingabreakfrom2020,1
backto2012,1
lokma,1
MiniatureDachshund,1
skim,1
prey,1
rare,1
cornnobutter,1
ScottishFold,1
MaremmaSheepdog,1
exploreYourCountry,1
clayanimation,1
manju,1
wagashi,1
psychopass,1
casey,1
swatch,1
laughing,1
ragecomics,1
zoomcall,1
catflex,1
nowyouseeme,1
Aprilsfool,1
flyingfox,1
indianflyingfox,1
Sheltie,1
selfworth,1
dailydose,1
CouplePranks,1
emptycup,1
iceberg,1
404,1
tshirt,1
big,1
currency,1
coin,1
Aprilfools,1
aprilfoolsday,1
midweekmood,1
antm,1
recycling,1
rescuebat,1
graphictee,1
carpetcleaning,1
irony,1
looksus,1
zoopia,1
wallpainting,1
lowkey,1
lookbehind,1
clothesonchair,1
texts,1
subtitle,1
copy,1
teachers,1
blackgirlmagic,1
longwalk,1
icewater,1
midnightsnacking,1
lookgood,1
Bosnia,1
zootopia,1
brave,1
Huskimo,1
momslogic,1
wipe,1
krakow,1
spritepie,1
summerfun,1
lifeguard,1
minime,1
link,1
dishwasher,1
inverted,1
statue,1
saintpauldevence,1
Boombayah,1
uncannyvalley,1
movieprops,1
specialeffecfsartist,1
sfx,1
anthonymackie,1
playground,1
tattooremoval,1
friendships,1
Blackpink,1
plushies,1
homedesign,1
photorealistic,1
jogging,1
chinesecabbage,1
frogcake,1
starterpack,1
grimselwelt,1
nottingham,1
brother,1
portriat,1
dunno,1
dolls,1
zacelfron,1
independent,1
ship,1
thaicat,1
siamesecat,1
throatsinging,1
indegenous,1
inuit,1
wowt,1
Narnia,1
snowflakes,1
EarthDay,1
buttercreampiping,1
spilledcoffeeart,1
selfhelp,1
something,1
suck,1
mozzarella,1
mozart,1
greenliving,1
bjddoll,1
southkorea,1
alwaystired,1
onionrings,1
done,1
mine,1
dramaticentrance,1
inventor,1
nationallookalikeday,1
coneofshame,1
layeredcake,1
bake,1
childhoof,1
buddy,1
fail,1
invite,1
Promposal,1
outsmarted,1
kunekune,1
organization,1
closet,1
declutter,1
emo,1
greenday,1
indianduck,1
stressrelief,1
michelangelo,1
stbernard,1
saintbernard,1
christophernolan,1
ricepaper,1
piet,1
datingtips,1
croc,1
husbandandwife,1
sychronisedswimming,1
mintgum,1
pubgm3anniv,1
Rise,1
LostFrequencies,1
GoingDumb,1
Alesso,1
StarsAlign,1
R3HAB,1
chiropractor,1
foodportrait,1
H,1
BMCMix,1
xbox,1
xboxseriess,1
piedraelpe,1
plussize,1
fashionindustry,1
pinktax,1
fakelaughing,1
shining,1
ojisan,1
cupsofshame,1
Samoyeds,1
moisturize,1
atla,1
Spitz,1
mohawk,1
falconandwintersoldier,1
zemo,1
9gagreface,1
leftovers,1
meownager,1
person,1
favourite,1
gives,1
happyhusbandappreciationday,1
catwall,1
anklestrenght,1
meangirls,1
sociallife,1
StopAsianHate,1
headtilt,1
costumer,1
supermarch,1
gemstone,1
need,1
acapella,1
humaneffects,1
lakebraies,1
bobdylan,1
regency,1
victorianera,1
supercar,1
brigerton,1
birdswitharms,1
metal,1
foreversingle,1
papercutting,1
skiboard,1
sugarglider,1
marinelife,1
barbell,1
howtotrainyourdragon,1
recycleart,1
flatworms,1
hiss,1
drive,1
canvas,1
bowmanlake,1
hanbok,1
resinpoir,1
unicellular,1
organism,1
turbellaria,1
mashedpotatoes,1
mortalkombat,1
slowmotion,1
Disney,1
textbook,1
thread,1
workfromhouse,1
lovingcat,1
daftpunk,1
kungpaw,1
sweetdreams,1
exoticshorthair,1
tie,1
sewing,1
babyproof,1
9gagvalentines2021,1
nfl,1
JIGGLY,1
darkeyecircles,1
reflection,1
tangled,1
brachiosaurus,1
hidethepainharold,1
morningsnow,1
sheepadoodle,1
purpose,1
spark,1
celanimation,1
hypnotize,1
rattlesnake,1
nibble,1
midterms,1
japchae,1
kimbap,1
onigini,1
juggler,1
paintcarving,1
snowball,1
cookingtutorial,1
fruitslices,1
digitalcolor,1
rdr2,1
reddeadredemption2,1
arthurmorgan,1
machete,1
talkshow,1
dates,1
danceoff,1
footwork,1
lezingka,1
ielts,1
EASponsored,1
keyboardart,1
pixel,1
littlehelper,1
Lenovo,1
JohnWilliams,1
echo,1
superboy,1
bacon,1
funnyman,1
YogaSlim9,1
MothersDay,1
Smarter,1
naturalphotography,1
nosub,1
chopsticks,1
truecrimedocumentary,1
monarchy,1
meghanmarkle,1
thecrown,1
mirrormirroronthewall,1
pigment,1
kermitthefrog,1
singapore,1
sub,1
mcd,1
oceanzen,1
morkie,1
instamutt,1
stpatricksday,1
fali,1
gonewrong,1
grillcheese,1
rose,1
bestie,1
distinguished,1
exe,1
stedent,1
bliss,1
GRAMMY,1
chickensoup,1
overheard,1
piday,1
jackrussell,1
bookmark,1
themuppets,1
cyclesrender,1
b3d,1
western,1
disinfectant,1
bacteria,1
turquoise,1
barredparakeet,1
parentproblems,1
gross,1
Zebrafinch,1
wings,1
nomad,1
boneworks,1
ranger,1
hoover,1
workspace,1
jobhunt,1
3dtattoo,1
hetalia,1
polanball,1
blue,1
zebrafinch,1
smoke,1
courier,1
whatever,1
chalkart,1
streetartparis,1
urbanart,1
metroparisien,1
livemusic,1
violinist,1
pickuplines,1
fakesmile,1
siamsoapcarving,1
thaisoapcarving,1
prosthetics,1
disability,1
animate,1
Angkor,1
cambodia,1
taxi,1
dwight,1
duckyou,1
